date,pm2.5,pm10,o3,no2,so2,co
2014-01-01,,,,,,
2014-01-02,,44,73,28,92,37
2014-01-03,125,40,67,17,93,20
2014-01-04,117,39,37,23,92,12
2014-01-05,116,,,,,
2014-01-06,,36,100,12,93,16
2014-01-07,105,32,69,15,93,21
2014-01-08,99,26,46,12,93,12
2014-01-09,84,25,84,15,93,17
2014-01-10,83,19,72,18,93,21
2014-01-11,67,17,46,18,93,15
2014-01-12,63,14,49,16,92,14
2014-01-13,55,23,85,12,92,12
2014-01-14,77,24,69,9,92,8
2014-01-15,79,29,70,14,92,10
2014-01-16,90,28,70,15,92,9
2014-01-17,88,26,70,11,92,3
2014-01-18,82,42,105,15,92,8
2014-01-19,124,37,0,12,92,5
2014-01-20,108,35,58,15,92,11
2014-01-21,105,51,111,10,92,6
2014-01-22,145,49,90,18,92,12
2014-01-23,134,44,64,19,92,10
2014-01-24,126,36,46,24,92,24
2014-01-25,107,29,35,19,92,13
2014-01-26,89,17,30,12,92,8
2014-01-27,60,15,32,15,92,9
2014-01-28,58,22,30,16,92,14
2014-01-29,74,23,36,15,93,12
2014-01-30,77,22,38,11,92,7
2014-01-31,73,17,31,13,92,12
2014-02-01,61,14,30,12,92,4
2014-02-02,53,13,29,11,92,5
2014-02-03,51,12,25,11,93,5
2014-02-04,49,15,16,17,93,6
2014-02-05,58,,,,,
2014-02-06,,,,,,
2014-02-07,,,,,,
2014-02-08,,13,23,5,94,4
2014-02-09,53,19,38,10,94,6
2014-02-10,68,12,62,8,93,9
2014-02-11,43,5,42,8,93,9
2014-02-12,12,7,47,11,93,4
2014-02-13,31,5,47,10,92,4
2014-02-14,22,4,51,10,92,5
2014-02-15,18,16,62,15,92,9
2014-02-16,60,20,82,13,93,7
2014-02-17,70,17,70,12,93,8
2014-02-18,63,,,,,
2014-02-19,,3,57,3,92,2
2014-02-20,13,8,58,14,92,9
2014-02-21,29,23,46,20,93,22
2014-02-22,61,33,53,16,93,9
2014-02-23,89,17,50,8,93,3
2014-02-24,60,17,50,9,93,6
2014-02-25,59,18,45,9,94,5
2014-02-26,61,22,37,14,93,8
2014-02-27,71,,,,,
2014-02-28,,13,34,5,94,3
2014-03-01,50,19,41,10,94,4
2014-03-02,64,24,49,11,94,9
2014-03-03,75,20,38,10,94,8
2014-03-04,68,15,37,10,94,10
2014-03-05,57,14,35,12,94,13
2014-03-06,55,20,43,9,94,8
2014-03-07,68,22,47,9,94,6
2014-03-08,74,24,51,9,94,7
2014-03-09,78,20,44,11,94,14
2014-03-10,68,12,40,11,94,10
2014-03-11,46,17,53,12,94,13
2014-03-12,60,23,55,10,94,10
2014-03-13,74,28,53,12,94,13
2014-03-14,85,21,58,11,94,13
2014-03-15,69,11,44,13,93,10
2014-03-16,43,22,55,14,94,12
2014-03-17,73,29,55,15,94,18
2014-03-18,78,34,37,14,94,11
2014-03-19,87,28,46,6,95,10
2014-03-20,77,30,45,11,94,12
2014-03-21,80,26,52,13,95,12
2014-03-22,72,12,43,11,93,8
2014-03-23,39,19,51,8,93,8
2014-03-24,57,25,67,13,96,9
2014-03-25,70,35,49,13,119,15
2014-03-26,81,24,43,9,117,10
2014-03-27,66,23,49,9,123,8
2014-03-28,66,24,48,11,130,9
2014-03-29,69,31,58,11,134,10
2014-03-30,81,28,58,11,136,9
2014-03-31,75,25,61,10,135,11
2014-04-01,70,30,66,11,138,12
2014-04-02,79,24,62,10,134,10
2014-04-03,74,28,60,10,136,11
2014-04-04,82,21,25,16,143,19
2014-04-05,61,23,29,12,143,14
2014-04-06,67,21,23,12,147,13
2014-04-07,62,25,30,14,146,18
2014-04-08,69,27,27,15,154,16
2014-04-09,72,24,31,10,153,11
2014-04-10,68,20,32,12,151,11
2014-04-11,59,16,58,10,147,8
2014-04-12,52,19,49,10,150,10
2014-04-13,59,20,68,9,146,8
2014-04-14,62,20,73,10,148,14
2014-04-15,61,22,69,9,156,10
2014-04-16,67,22,78,10,155,10
2014-04-17,64,17,157,10,,10
2014-04-18,57,22,165,10,,11
2014-04-19,65,21,147,8,,7
2014-04-20,65,19,163,8,,6
2014-04-21,64,15,160,7,,8
2014-04-22,53,14,157,9,,9
2014-04-23,51,17,158,8,,9
2014-04-24,57,21,158,10,,9
2014-04-25,62,20,167,9,,9
2014-04-26,62,19,148,12,,12
2014-04-27,62,17,154,7,,10
2014-04-28,58,16,142,9,,9
2014-04-29,52,18,69,13,,14
2014-04-30,49,16,73,10,,10
2014-05-01,50,11,90,9,,9
2014-05-02,40,14,108,7,,7
2014-05-03,52,20,145,12,,13
2014-05-04,61,16,91,12,,13
2014-05-05,51,15,114,9,,10
2014-05-06,45,6,81,8,,8
2014-05-07,21,11,94,11,,13
2014-05-08,39,25,116,12,,16
2014-05-09,71,20,94,15,,19
2014-05-10,51,19,87,15,,17
2014-05-11,53,12,66,12,,13
2014-05-12,36,28,95,16,,19
2014-05-13,59,19,79,15,,18
2014-05-14,49,17,82,13,,15
2014-05-15,48,16,98,15,,17
2014-05-16,48,21,106,15,,18
2014-05-17,58,12,103,10,,8
2014-05-18,37,11,99,12,,12
2014-05-19,32,13,112,13,,13
2014-05-20,40,15,99,13,,13
2014-05-21,43,15,88,15,,15
2014-05-22,42,13,93,12,,13
2014-05-23,37,17,147,16,,19
2014-05-24,44,12,63,8,,7
2014-05-25,40,12,55,9,,6
2014-05-26,41,10,53,9,,8
2014-05-27,34,10,53,9,,7
2014-05-28,36,13,62,12,,12
2014-05-29,41,14,57,14,,14
2014-05-30,42,13,63,14,,16
2014-05-31,40,9,61,10,,9
2014-06-01,30,12,74,10,,9
2014-06-02,41,11,62,12,,13
2014-06-03,36,9,75,10,,10
2014-06-04,30,9,68,12,,13
2014-06-05,31,11,79,13,,13
2014-06-06,37,10,87,13,,12
2014-06-07,32,8,83,13,,13
2014-06-08,28,10,75,13,,13
2014-06-09,34,12,97,13,,15
2014-06-10,38,8,55,15,,15
2014-06-11,23,8,75,13,,13
2014-06-12,23,7,130,9,,10
2014-06-13,27,9,123,0,,11
2014-06-14,34,7,120,0,,9
2014-06-15,27,10,120,0,,9
2014-06-16,32,8,114,0,,12
2014-06-17,27,9,99,0,,13
2014-06-18,29,9,95,0,,13
2014-06-19,26,9,79,0,,15
2014-06-20,30,8,85,0,,12
2014-06-21,25,10,72,0,,12
2014-06-22,34,12,50,0,,10
2014-06-23,29,8,69,0,,16
2014-06-24,22,9,100,0,,17
2014-06-25,29,9,72,0,,16
2014-06-26,24,6,73,0,,13
2014-06-27,20,9,69,0,,12
2014-06-28,29,12,85,0,,16
2014-06-29,36,6,92,0,,14
2014-06-30,24,7,107,0,,10
2014-07-01,24,8,38,1,,12
2014-07-02,22,9,61,0,,11
2014-07-03,28,7,43,0,,12
2014-07-04,20,6,59,0,,11
2014-07-05,17,5,60,0,,13
2014-07-06,12,3,58,0,,9
2014-07-07,6,3,59,0,,10
2014-07-08,8,1,65,6,,14
2014-07-09,3,,192,12,,18
2014-07-10,,1,314,12,,13
2014-07-11,1,1,407,17,,18
2014-07-12,2,,352,16,,10
2014-07-13,,,10,5,,5
2014-07-14,,,,,,
2014-07-15,,,,,,
2014-07-16,,15,208,7,,12
2014-07-17,25,17,149,5,,9
2014-07-18,32,20,51,13,,18
2014-07-19,45,19,3,8,,8
2014-07-20,40,6,14,4,,8
2014-07-21,15,18,204,12,,13
2014-07-22,45,11,193,4,,7
2014-07-23,30,11,278,8,,8
2014-07-24,29,17,125,11,,12
2014-07-25,35,22,61,12,,13
2014-07-26,48,22,47,12,,13
2014-07-27,50,16,45,9,,8
2014-07-28,43,12,26,12,,17
2014-07-29,42,11,21,14,,17
2014-07-30,34,16,72,12,,14
2014-07-31,38,12,75,8,,10
2014-08-01,28,13,43,11,,16
2014-08-02,31,19,69,15,,27
2014-08-03,43,16,44,12,,16
2014-08-04,35,20,31,13,,21
2014-08-05,43,17,74,14,,23
2014-08-06,33,11,54,9,,11
2014-08-07,20,5,32,19,,5
2014-08-08,12,12,41,5,,10
2014-08-09,14,17,72,6,,12
2014-08-10,23,11,158,9,,8
2014-08-11,19,16,113,13,,15
2014-08-12,34,16,51,,,
2014-08-13,29,15,26,11,,19
2014-08-14,26,14,34,8,,9
2014-08-15,31,23,,20,,7
2014-08-16,61,20,37,13,,7
2014-08-17,48,,,,,
2014-08-18,,17,52,7,,10
2014-08-19,33,17,24,10,,9
2014-08-20,38,18,81,11,,11
2014-08-21,44,18,48,12,,11
2014-08-22,36,15,64,8,,12
2014-08-23,35,16,54,6,,7
2014-08-24,33,,,,,
2014-08-25,,,,,,
2014-08-26,,,,,,
2014-08-27,,,,,,
2014-08-28,,,,,,
2014-08-29,,,,,,
2014-08-30,,,,,,
2014-08-31,,,,,,
2014-09-01,,,,,,
2014-09-02,,,,,,
2014-09-03,,,,,,
2014-09-04,,13,170,10,,4
2014-09-05,27,17,292,10,,11
2014-09-06,44,19,179,11,,15
2014-09-07,51,15,38,9,,9
2014-09-08,42,18,90,11,,13
2014-09-09,46,15,50,11,,12
2014-09-10,36,16,51,12,,13
2014-09-11,42,33,40,18,,23
2014-09-12,76,20,77,14,,16
2014-09-13,50,18,44,9,,13
2014-09-14,41,18,29,15,,11
2014-09-15,48,12,38,4,,8
2014-09-16,28,24,29,20,,31
2014-09-17,50,16,134,11,,13
2014-09-18,27,10,59,11,,12
2014-09-19,20,16,55,11,,13
2014-09-20,35,21,68,12,,15
2014-09-21,39,16,53,11,,13
2014-09-22,37,18,37,17,,17
2014-09-23,44,22,45,10,43,18
2014-09-24,56,19,61,18,35,23
2014-09-25,61,24,68,13,35,15
2014-09-26,67,32,78,16,38,19
2014-09-27,79,24,57,11,35,14
2014-09-28,64,17,37,9,35,11
2014-09-29,43,16,43,12,37,15
2014-09-30,34,12,36,11,37,16
2014-10-01,33,18,34,10,18,12
2014-10-02,43,24,36,11,13,10
2014-10-03,55,28,50,12,17,12
2014-10-04,63,36,57,13,13,12
2014-10-05,76,23,62,11,14,10
2014-10-06,62,36,58,12,16,13
2014-10-07,69,,,,,
2014-10-08,,,,,,
2014-10-09,,,,,,
2014-10-10,,,,,,
2014-10-11,,,,,,
2014-10-12,,,,,,
2014-10-13,,,,,,
2014-10-14,,,,,,
2014-10-15,,,,,,
2014-10-16,,,,,,
2014-10-17,,,,,,
2014-10-18,,,,,,
2014-10-19,,,,,,
2014-10-20,,,,,,
2014-10-21,,,,,,
2014-10-22,,,,,,
2014-10-23,,,,,,
2014-10-24,,,,,,
2014-10-25,,,,,,
2014-10-26,,,,,,
2014-10-27,,,,,,
2014-10-28,,28,25,12,16,29
2014-10-29,56,28,35,12,22,18
2014-10-30,57,20,37,10,12,16
2014-10-31,47,33,30,19,28,49
2014-11-01,75,38,35,14,17,23
2014-11-02,76,36,43,13,15,14
2014-11-03,75,26,48,13,9,14
2014-11-04,67,28,58,15,10,21
2014-11-05,71,29,58,15,12,22
2014-11-06,74,28,54,10,16,13
2014-11-07,67,26,51,10,10,12
2014-11-08,60,45,29,20,17,13
2014-11-09,97,,,,,
2014-11-10,,29,34,12,7,19
2014-11-11,54,34,42,14,12,19
2014-11-12,69,20,45,12,10,15
2014-11-13,53,23,64,11,10,11
2014-11-14,63,29,83,9,6,9
2014-11-15,74,33,72,12,7,12
2014-11-16,68,10,56,10,5,9
2014-11-17,23,2,88,12,6,12
2014-11-18,6,3,90,10,12,9
2014-11-19,7,2,81,12,6,11
2014-11-20,5,,59,18,10,17
2014-11-21,,,54,15,23,14
2014-11-22,,,58,14,10,11
2014-11-23,,,48,9,15,7
2014-11-24,,,40,13,10,13
2014-11-25,,,423,10,13,24
2014-11-26,,,476,11,42,12
2014-11-27,,,381,13,20,23
2014-11-28,,,181,5,11,10
2014-11-29,,,,,,
2014-11-30,,,,,,
2014-12-01,,,124,7,8,17
2014-12-02,,,277,3,83,5
2014-12-03,,,266,6,22,20
2014-12-04,,,,,,
2014-12-05,,,,,,
2014-12-06,,,,,,
2014-12-07,,,,,,
2014-12-08,,,,,,
2014-12-09,,,,,,
2014-12-10,,,,,,
2014-12-11,,,,,,
2014-12-12,,,,,,
2014-12-13,,,,,,
2014-12-14,,,,,,
2014-12-15,,,,,,
2014-12-16,,,,,,
2014-12-17,,,,,,
2014-12-18,,,,,,
2014-12-19,,,,,,
2014-12-20,,,,,,
2014-12-21,,,,,,
2014-12-22,,32,65,9,66,9
2014-12-23,93,,,,,
2014-12-24,,5,47,12,7,16
2014-12-25,22,,49,10,3,14
2014-12-26,,,46,10,6,14
2014-12-27,,,46,4,5,6
2014-12-28,,,,,,
2014-12-29,,,,,,
2014-12-30,,,,,,
2014-12-31,,,,,,
2015-01-01,,,,,,
2015-01-02,,,89,8,9,9
2015-01-03,,,83,10,9,11
2015-01-04,,,54,11,9,11
2015-01-05,,27,49,10,11,13
2015-01-06,60,37,42,8,14,15
2015-01-07,78,27,42,7,12,12
2015-01-08,63,34,45,11,12,18
2015-01-09,80,38,59,6,10,10
2015-01-10,83,21,57,8,10,13
2015-01-11,46,6,55,8,10,11
2015-01-12,13,6,46,4,10,9
2015-01-13,13,16,47,4,10,8
2015-01-14,46,30,54,4,10,6
2015-01-15,76,34,64,9,11,10
2015-01-16,84,34,53,13,12,12
2015-01-17,83,43,73,11,13,11
2015-01-18,113,,56,4,11,5
2015-01-19,,49,,,,
2015-01-20,117,54,87,14,6,14
2015-01-21,139,55,111,8,6,10
2015-01-22,134,51,107,11,11,15
2015-01-23,130,63,107,11,8,13
2015-01-24,142,61,104,27,18,30
2015-01-25,131,54,80,21,17,23
2015-01-26,142,31,29,11,18,9
2015-01-27,82,33,48,12,16,13
2015-01-28,79,35,28,15,10,19
2015-01-29,88,35,43,13,16,15
2015-01-30,88,34,52,14,16,16
2015-01-31,83,32,45,15,16,18
2015-02-01,79,25,52,10,10,12
2015-02-02,65,25,50,6,5,8
2015-02-03,64,25,61,7,5,12
2015-02-04,58,27,53,7,5,12
2015-02-05,66,37,49,11,10,16
2015-02-06,86,26,70,14,16,21
2015-02-07,71,29,80,9,6,15
2015-02-08,78,22,66,8,9,14
2015-02-09,70,26,59,6,6,11
2015-02-10,80,40,80,7,5,12
2015-02-11,105,39,75,10,10,13
2015-02-12,102,35,70,12,14,18
2015-02-13,92,33,64,13,14,21
2015-02-14,92,33,84,7,12,14
2015-02-15,95,32,99,3,6,10
2015-02-16,91,34,76,4,8,12
2015-02-17,97,27,55,6,14,14
2015-02-18,77,17,41,2,13,14
2015-02-19,56,16,37,2,8,11
2015-02-20,53,20,40,1,5,6
2015-02-21,59,20,39,1,7,7
2015-02-22,62,25,41,0,5,5
2015-02-23,66,20,45,2,5,7
2015-02-24,62,19,43,2,5,6
2015-02-25,57,21,47,2,6,6
2015-02-26,63,20,47,2,5,6
2015-02-27,54,2,46,2,5,6
2015-02-28,6,1,47,3,6,6
2015-03-01,4,1,46,2,6,4
2015-03-02,4,1,35,3,6,6
2015-03-03,4,2,39,3,6,4
2015-03-04,5,2,50,4,9,6
2015-03-05,7,25,65,6,9,6
2015-03-06,63,26,56,2,7,5
2015-03-07,66,26,50,2,6,2
2015-03-08,61,8,51,2,5,2
2015-03-09,24,14,53,1,4,1
2015-03-10,38,19,53,2,6,7
2015-03-11,56,30,53,2,4,5
2015-03-12,67,19,52,5,11,10
2015-03-13,42,23,52,5,11,10
2015-03-14,51,39,68,15,4,7
2015-03-15,81,,59,6,6,10
2015-03-16,,,,,,
2015-03-17,,25,,,,
2015-03-18,54,14,61,7,8,11
2015-03-19,28,3,73,8,8,11
2015-03-20,6,,63,7,8,9
2015-03-21,,,59,7,8,9
2015-03-22,,,49,7,10,8
2015-03-23,,,41,6,13,8
2015-03-24,,,44,9,11,9
2015-03-25,,,66,9,11,9
2015-03-26,,,82,7,6,6
2015-03-27,,,65,7,6,6
2015-03-28,,,59,8,6,7
2015-03-29,,,74,10,8,8
2015-03-30,,,71,5,8,2
2015-03-31,,,68,5,8,2
2015-04-01,,,59,6,9,1
2015-04-02,,,74,7,9,1
2015-04-03,,,79,8,9,6
2015-04-04,,,89,10,11,7
2015-04-05,,,70,8,11,3
2015-04-06,,18,41,3,7,0
2015-04-07,41,22,48,5,7,11
2015-04-08,49,16,64,7,8,9
2015-04-09,34,29,35,7,10,8
2015-04-10,51,24,59,11,14,12
2015-04-11,40,11,74,6,9,6
2015-04-12,19,13,54,5,7,4
2015-04-13,21,15,81,4,6,3
2015-04-14,27,3,86,12,12,9
2015-04-15,7,6,102,18,19,9
2015-04-16,14,,95,13,20,2
2015-04-17,,,79,11,15,1
2015-04-18,,,82,7,14,0
2015-04-19,,,127,10,14,0
2015-04-20,,,152,8,14,3
2015-04-21,,,201,14,18,22
2015-04-22,,,189,7,13,7
2015-04-23,,,56,9,11,8
2015-04-24,,,57,10,17,10
2015-04-25,,,67,9,14,9
2015-04-26,,,100,9,12,7
2015-04-27,,,38,7,10,5
2015-04-28,,,48,10,17,4
2015-04-29,,,139,5,12,0
2015-04-30,,,224,7,12,1
2015-05-01,,,28,4,10,
2015-05-02,,,171,8,12,11
2015-05-03,,,188,9,14,9
2015-05-04,,,399,7,16,7
2015-05-05,,19,178,10,17,9
2015-05-06,34,16,335,11,14,15
2015-05-07,27,13,358,10,14,15
2015-05-08,25,14,397,10,13,13
2015-05-09,26,14,415,14,13,15
2015-05-10,33,7,420,10,15,12
2015-05-11,13,7,436,9,14,10
2015-05-12,14,9,432,11,12,12
2015-05-13,19,13,403,11,14,12
2015-05-14,28,5,481,8,11,8
2015-05-15,10,6,199,11,12,10
2015-05-16,12,5,102,13,15,10
2015-05-17,10,4,61,13,16,12
2015-05-18,10,4,64,11,129,11
2015-05-19,10,3,66,14,132,16
2015-05-20,10,2,50,16,132,16
2015-05-21,5,1,41,15,132,19
2015-05-22,4,1,65,15,132,17
2015-05-23,4,1,58,15,133,17
2015-05-24,2,1,49,12,133,17
2015-05-25,3,1,79,11,132,11
2015-05-26,3,,36,17,132,14
2015-05-27,,,,,,
2015-05-28,,1,,,,
2015-05-29,3,4,165,11,,13
2015-05-30,8,1,192,14,,14
2015-05-31,4,1,181,14,,12
2015-06-01,5,1,206,13,,11
2015-06-02,3,1,186,11,,11
2015-06-03,2,7,136,10,,10
2015-06-04,4,16,68,12,,9
2015-06-05,30,16,40,9,,7
2015-06-06,29,17,46,11,,9
2015-06-07,28,17,46,10,,10
2015-06-08,27,15,43,9,,5
2015-06-09,22,12,26,16,,18
2015-06-10,23,17,50,12,,11
2015-06-11,32,19,60,12,,12
2015-06-12,35,15,72,13,,11
2015-06-13,26,16,60,10,,9
2015-06-14,34,15,59,11,,9
2015-06-15,29,14,55,10,,7
2015-06-16,27,14,44,9,,7
2015-06-17,27,13,38,8,,7
2015-06-18,23,10,34,10,,9
2015-06-19,18,13,51,11,,9
2015-06-20,22,14,39,14,,12
2015-06-21,31,16,46,12,,11
2015-06-22,40,18,33,17,,15
2015-06-23,36,18,19,24,,30
2015-06-24,42,4,9,17,,25
2015-06-25,7,9,12,15,,25
2015-06-26,15,13,44,15,,16
2015-06-27,23,11,52,14,,15
2015-06-28,16,12,60,10,,9
2015-06-29,22,15,56,11,,8
2015-06-30,32,13,74,14,,12
2015-07-01,26,11,70,11,,10
2015-07-02,23,10,147,12,,11
2015-07-03,21,5,79,16,,14
2015-07-04,11,5,88,15,,15
2015-07-05,11,5,83,16,,14
2015-07-06,9,3,82,12,,12
2015-07-07,8,3,118,7,,6
2015-07-08,8,6,63,10,,10
2015-07-09,15,11,91,11,,11
2015-07-10,26,2,97,13,,11
2015-07-11,5,2,58,9,,8
2015-07-12,5,1,54,9,,10
2015-07-13,1,1,63,13,,15
2015-07-14,2,,66,11,,10
2015-07-15,,,79,12,,15
2015-07-16,,,51,12,,20
2015-07-17,,,82,10,,11
2015-07-18,,,51,13,,15
2015-07-19,,,41,2,,1
2015-07-20,,,,,,
2015-07-21,,,,,,
2015-07-22,,,90,15,,20
2015-07-23,,,93,14,,16
2015-07-24,,,93,13,,12
2015-07-25,,,114,12,,10
2015-07-26,,,55,13,,14
2015-07-27,,,51,11,,9
2015-07-28,,,42,14,,25
2015-07-29,,,32,13,,16
2015-07-30,,,35,12,,16
2015-07-31,,,45,16,,20
2015-08-01,,,56,15,,17
2015-08-02,,,66,10,,9
2015-08-03,,,87,12,,13
2015-08-04,,,81,10,,11
2015-08-05,,,106,11,,12
2015-08-06,,,88,10,,11
2015-08-07,,,79,12,,9
2015-08-08,,,85,10,,9
2015-08-09,,,110,10,,8
2015-08-10,,,68,12,,10
2015-08-11,,,51,9,,8
2015-08-12,,,46,12,,11
2015-08-13,,,50,14,,12
2015-08-14,,,57,12,,9
2015-08-15,,,49,13,,10
2015-08-16,,,55,12,,9
2015-08-17,,,64,13,,11
2015-08-18,,,74,11,,7
2015-08-19,,,89,13,,10
2015-08-20,,,49,7,,4
2015-08-21,,,55,12,,7
2015-08-22,,,79,11,,6
2015-08-23,,,108,13,,10
2015-08-24,,,87,14,,12
2015-08-25,,,64,14,,14
2015-08-26,,,47,11,,11
2015-08-27,,,44,14,,13
2015-08-28,,,54,13,,14
2015-08-29,,,34,14,,19
2015-08-30,,,55,12,,9
2015-08-31,,,48,14,,14
2015-09-01,,,26,12,,15
2015-09-02,,,41,8,,11
2015-09-03,,,75,12,,10
2015-09-04,,,46,1,,6
2015-09-05,,,,,,
2015-09-06,,,,,,
2015-09-07,,,44,11,,7
2015-09-08,,,54,10,,9
2015-09-09,,,45,10,,10
2015-09-10,,,35,10,,11
2015-09-11,,,41,8,,6
2015-09-12,,,50,9,,7
2015-09-13,,,38,10,,6
2015-09-14,,,50,6,,1
2015-09-15,,,49,5,,7
2015-09-16,,,49,13,,14
2015-09-17,,,51,11,,14
2015-09-18,,,59,14,,15
2015-09-19,,,40,9,,7
2015-09-20,,,27,11,,7
2015-09-21,,,57,10,,8
2015-09-22,,,52,9,,10
2015-09-23,,,53,12,,11
2015-09-24,,,46,10,,9
2015-09-25,,,47,12,,7
2015-09-26,,,58,11,,8
2015-09-27,,,44,11,,10
2015-09-28,,,47,9,,7
2015-09-29,,,46,10,,9
2015-09-30,,,45,10,,10
2015-10-01,,,51,11,,15
2015-10-02,,,45,12,,11
2015-10-03,,,47,10,,10
2015-10-04,,,51,10,,10
2015-10-05,,,51,11,,14
2015-10-06,,,43,9,,12
2015-10-07,,,41,9,,13
2015-10-08,,,39,14,,13
2015-10-09,,,45,10,,9
2015-10-10,,,41,9,,13
2015-10-11,,,50,11,,9
2015-10-12,,,37,19,,17
2015-10-13,,,45,11,,10
2015-10-14,,,163,9,,6
2015-10-15,,,52,10,,15
2015-10-16,,,66,11,,13
2015-10-17,,,50,14,,15
2015-10-18,,,47,11,,12
2015-10-19,,,49,13,,14
2015-10-20,,,41,15,,18
2015-10-21,,,45,16,,17
2015-10-22,,,57,13,,14
2015-10-23,,,55,13,,13
2015-10-24,,,44,13,,12
2015-10-25,,,45,10,,9
2015-10-26,,,46,10,,11
2015-10-27,,,40,12,,14
2015-10-28,,,40,12,,14
2015-10-29,,,39,,,
2015-10-30,,,,,,
2015-10-31,,,,,,
2015-11-01,,,,,,
2015-11-02,,,,,,
2015-11-03,,,,6,,5
2015-11-04,,,43,7,,11
2015-11-05,,,57,6,,9
2015-11-06,,,48,12,,21
2015-11-07,,,49,12,,21
2015-11-08,,,66,9,,11
2015-11-09,,,67,9,,14
2015-11-10,,,58,11,,15
2015-11-11,,,41,10,,13
2015-11-12,,,58,13,,17
2015-11-13,,,60,8,,10
2015-11-14,,,60,10,,12
2015-11-15,,,62,7,,6
2015-11-16,,,58,9,,8
2015-11-17,,,52,8,,8
2015-11-18,,,61,,,
2015-11-19,,,,10,,4
2015-11-20,,,35,10,,13
2015-11-21,,,46,9,,9
2015-11-22,,,37,8,,5
2015-11-23,,,40,13,,13
2015-11-24,,,44,9,,8
2015-11-25,,,49,7,,7
2015-11-26,,,47,9,,7
2015-11-27,,,45,11,,7
2015-11-28,,,37,11,,12
2015-11-29,,,41,10,,6
2015-11-30,,,34,10,,8
2015-12-01,,,26,10,,9
2015-12-02,,,30,11,,8
2015-12-03,,,26,13,,15
2015-12-04,,,24,10,,7
2015-12-05,,,30,11,,12
2015-12-06,,,21,,,
2015-12-07,,,,,,
2015-12-08,,,,,,
2015-12-09,,,,7,,3
2015-12-10,,,15,8,,4
2015-12-11,,,28,14,,9
2015-12-12,,,35,,,
2015-12-13,,,,,,
2015-12-14,,,,,,
2015-12-15,,,,,,
2015-12-16,,,,,,
2015-12-17,,,,,,
2015-12-18,,,,,,
2015-12-19,,,,,,
2015-12-20,,,,,,
2015-12-21,,,,,,
2015-12-22,,,,,,
2015-12-23,,,,15,,0
2015-12-24,,,21,11,,0
2015-12-25,,,27,9,,0
2015-12-26,,,22,7,,0
2015-12-27,,,27,6,,0
2015-12-28,,,34,10,,0
2015-12-29,,,31,14,,0
2015-12-30,,,27,10,,0
2015-12-31,,,24,,,
2016-01-01,,,,,,
2016-01-02,,,,,,
2016-01-03,,,,,,
2016-01-04,,,,,,
2016-01-05,,,38,10,,0
2016-01-06,,,25,13,,0
2016-01-07,,,,,,
2016-01-08,,,,,,
2016-01-09,,,,,,
2016-01-10,,,19,7,,0
2016-01-11,,,30,9,,0
2016-01-12,,,29,21,,0
2016-01-13,,,,,,
2016-01-14,,,,,,
2016-01-15,,,,,,
2016-01-16,,,,,,
2016-01-17,,,,,,
2016-01-18,,,,,,
2016-01-19,,,16,5,,
2016-01-20,,,25,8,,
2016-01-21,,,36,8,,
2016-01-22,,,28,15,,
2016-01-23,,,34,10,,
2016-01-24,,,25,6,,
2016-01-25,,,27,5,,
2016-01-26,,,24,10,,
2016-01-27,,,28,13,,
2016-01-28,,,25,12,,
2016-01-29,,,23,13,,
2016-01-30,,,,,,
2016-01-31,,,,,,
2016-02-01,,,,,,
2016-02-02,,,,,,
2016-02-03,,,,,,
2016-02-04,,,,,,
2016-02-05,,,,,,
2016-02-06,,,,,,
2016-02-07,,,,,,
2016-02-08,,,35,15,,
2016-02-09,,,45,13,,
2016-02-10,,,27,16,,
2016-02-11,,,29,15,,
2016-02-12,,,31,11,,
2016-02-13,,,29,8,,
2016-02-14,,,37,14,,
2016-02-15,,,42,12,,
2016-02-16,,,29,8,,
2016-02-17,,,24,11,,
2016-02-18,,,33,8,,
2016-02-19,,,35,8,,
2016-02-20,,,38,13,,
2016-02-21,,,36,9,,
2016-02-22,,,47,14,,
2016-02-23,,,41,18,,
2016-02-24,,,30,11,,
2016-02-25,,,23,8,,
2016-02-26,,,27,7,,
2016-02-27,,,26,9,,
2016-02-28,,,34,8,,
2016-02-29,,,38,7,,
2016-03-01,,,44,9,,
2016-03-02,,,41,18,,
2016-03-03,,,,,,
2016-03-04,,,,,,
2016-03-05,,,3,22,,
2016-03-06,,,,,,
2016-03-07,,,,,,
2016-03-08,,,,,,
2016-03-09,,,,,,
2016-03-10,,,,,,
2016-03-11,,7,,,,
2016-03-12,20,13,13,9,,
2016-03-13,36,17,32,13,,
2016-03-14,53,12,33,9,,
2016-03-15,39,22,37,8,,
2016-03-16,64,21,35,13,,
2016-03-17,65,20,38,10,,
2016-03-18,62,20,30,10,,
2016-03-19,64,19,31,11,,
2016-03-20,59,21,35,11,,
2016-03-21,60,17,30,9,,
2016-03-22,55,17,30,11,,
2016-03-23,54,20,28,10,,
2016-03-24,58,19,34,11,,
2016-03-25,57,4,30,8,,
2016-03-26,11,7,20,6,,
2016-03-27,23,7,32,9,,
2016-03-28,28,28,35,12,,
2016-03-29,77,27,40,21,,
2016-03-30,74,24,38,16,,
2016-03-31,67,,22,16,,
2016-04-01,,,,,,
2016-04-02,,,,,,
2016-04-03,,,,,,
2016-04-04,,,,,,
2016-04-05,,12,21,7,,
2016-04-06,45,14,26,10,,
2016-04-07,49,16,33,11,,
2016-04-08,55,13,28,9,,
2016-04-09,49,13,30,10,,
2016-04-10,49,18,40,10,,
2016-04-11,61,32,58,16,,
2016-04-12,78,23,43,12,,
2016-04-13,70,33,57,16,,
2016-04-14,83,35,65,21,,
2016-04-15,83,26,46,15,,
2016-04-16,73,,,,,
2016-04-17,,,,,,
2016-04-18,,,,,,
2016-04-19,,12,27,11,,
2016-04-20,42,14,38,13,,
2016-04-21,50,14,30,9,,
2016-04-22,48,13,28,6,,
2016-04-23,45,,,,,
2016-04-24,,,,,,
2016-04-25,,19,52,10,,
2016-04-26,60,19,40,13,,
2016-04-27,62,26,56,18,,
2016-04-28,68,20,193,12,,
2016-04-29,65,21,190,11,,
2016-04-30,66,13,161,11,,
2016-05-01,48,18,198,7,,
2016-05-02,62,16,198,13,,
2016-05-03,58,16,120,14,,
2016-05-04,54,14,181,11,,
2016-05-05,51,11,201,12,,
2016-05-06,41,12,109,13,,
2016-05-07,43,9,137,11,,
2016-05-08,34,9,158,6,,
2016-05-09,36,11,165,13,,
2016-05-10,39,15,138,19,,
2016-05-11,52,15,143,15,,
2016-05-12,52,13,197,13,,
2016-05-13,47,12,105,14,,
2016-05-14,40,9,165,18,,
2016-05-15,34,7,168,12,,
2016-05-16,30,9,114,8,,
2016-05-17,33,11,40,15,,
2016-05-18,36,13,168,15,,
2016-05-19,47,11,123,15,,
2016-05-20,40,10,141,19,,
2016-05-21,37,9,129,14,,
2016-05-22,32,8,144,9,,
2016-05-23,30,8,195,14,,
2016-05-24,33,6,243,13,,
2016-05-25,24,8,91,23,,
2016-05-26,31,9,191,12,,
2016-05-27,31,23,184,14,,
2016-05-28,67,428,118,20,,
2016-05-29,451,291,210,16,,
2016-05-30,291,8,206,15,,
2016-05-31,26,7,234,14,,
2016-06-01,25,7,206,16,,
2016-06-02,23,7,200,17,,
2016-06-03,21,9,187,19,,
2016-06-04,26,9,124,19,,
2016-06-05,26,6,59,22,,
2016-06-06,23,,,,,
2016-06-07,,,,,,
2016-06-08,,,,,,
2016-06-09,,,,,,
2016-06-10,,,,,,
2016-06-11,,,,,,
2016-06-12,,,,,,
2016-06-13,,,,,,
2016-06-14,,3,273,12,,
2016-06-15,12,5,69,8,,
2016-06-16,20,,,,,
2016-06-17,,,,,,
2016-06-18,,,,,,
2016-06-19,,,,,,
2016-06-20,,,,,,
2016-06-21,,,,,,
2016-06-22,,1,243,6,,
2016-06-23,4,2,219,7,,
2016-06-24,10,2,167,11,,
2016-06-25,9,2,153,14,,
2016-06-26,10,3,209,9,,
2016-06-27,11,2,143,13,,
2016-06-28,8,,,,,
2016-06-29,,,,,,
2016-06-30,,,,,,
2016-07-01,,3,285,10,,
2016-07-02,12,3,159,16,,
2016-07-03,14,,,,,
2016-07-04,,,,,,
2016-07-05,,,,,,
2016-07-06,,,,,,
2016-07-07,,1,166,6,,
2016-07-08,6,2,162,12,,
2016-07-09,10,2,250,14,,
2016-07-10,9,5,149,29,,
2016-07-11,23,,,,,
2016-07-12,,3,214,15,,
2016-07-13,13,3,162,17,,
2016-07-14,15,4,298,10,,
2016-07-15,16,4,227,12,,
2016-07-16,15,4,170,19,,
2016-07-17,19,,,,,
2016-07-18,,,,,,
2016-07-19,,,,,,
2016-07-20,,,,,,
2016-07-21,,,,,,
2016-07-22,,,,,,
2016-07-23,,,,,,
2016-07-24,,,,,,
2016-07-25,,,,,,
2016-07-26,,,,,,
2016-07-27,,2,46,19,,
2016-07-28,11,,,,,
2016-07-29,,,,,,
2016-07-30,,,,,,
2016-07-31,,,,,,
2016-08-01,,,,,,
2016-08-02,,,,,,
2016-08-03,,,,,,
2016-08-04,,2,132,12,,
2016-08-05,8,2,224,14,,
2016-08-06,9,2,207,13,,
2016-08-07,11,2,183,14,,
2016-08-08,6,2,190,13,,
2016-08-09,8,2,231,15,,
2016-08-10,9,2,236,17,,
2016-08-11,10,3,104,18,,
2016-08-12,11,,,,,
2016-08-13,,,,,,
2016-08-14,,,,,,
2016-08-15,,,,,,
2016-08-16,,,,,,
2016-08-17,,,,,,
2016-08-18,,,,,,
2016-08-19,,,,,,
2016-08-20,,2,77,8,,
2016-08-21,6,,,,,
2016-08-22,,,,,,
2016-08-23,,,,,,
2016-08-24,,,,,,
2016-08-25,,,,,,
2016-08-26,,,,,,
2016-08-27,,,,,,
2016-08-28,,,,,,
2016-08-29,,,,,,
2016-08-30,,,,,,
2016-08-31,,,,,,
2016-09-01,,,,,,
2016-09-02,,,,,,
2016-09-03,,,,,,
2016-09-04,,,,,,
2016-09-05,,,,,,
2016-09-06,,,,,,
2016-09-07,,,,,,
2016-09-08,,,,,,
2016-09-09,,,,,,
2016-09-10,,,,,,
2016-09-11,,,,,,
2016-09-12,,,,,,
2016-09-13,,,,,,
2016-09-14,,,,,,
2016-09-15,,,,,,
2016-09-16,,,,,,
2016-09-17,,,,,,
2016-09-18,,,,,,
2016-09-19,,,,,,
2016-09-20,,,,,,
2016-09-21,,,,,,
2016-09-22,,,,,,
2016-09-23,,,,,,
2016-09-24,,,,,,
2016-09-25,,,,,,
2016-09-26,,,,,,
2016-09-27,,,,,,
2016-09-28,,,,,,
2016-09-29,,,,,,
2016-09-30,,,,,,
2016-10-01,,,,,,
2016-10-02,,,,,,
2016-10-03,,,,,,
2016-10-04,,,,,,
2016-10-05,,,,,,
2016-10-06,,,,,,
2016-10-07,,,,,,
2016-10-08,,,,,,
2016-10-09,,,,,,
2016-10-10,,,,,,
2016-10-11,,,,,,
2016-10-12,,,,,,
2016-10-13,,,,,,
2016-10-14,,,,,,
2016-10-15,,,,,,
2016-10-16,,,,,,
2016-10-17,,,,,,
2016-10-18,,13,25,9,,
2016-10-19,51,15,153,15,,
2016-10-20,58,14,164,18,,
2016-10-21,54,15,168,16,,
2016-10-22,55,10,245,17,,
2016-10-23,42,11,179,13,,
2016-10-24,45,8,168,12,,
2016-10-25,33,5,197,12,,
2016-10-26,22,7,213,11,,
2016-10-27,34,6,140,13,,
2016-10-28,27,7,114,12,,
2016-10-29,30,8,106,10,,
2016-10-30,31,5,192,10,,
2016-10-31,22,4,151,10,,
2016-11-01,17,7,139,8,,
2016-11-02,32,8,110,8,,
2016-11-03,35,10,92,9,,
2016-11-04,46,11,85,14,,
2016-11-05,48,17,99,14,,
2016-11-06,64,7,177,11,,
2016-11-07,28,4,217,12,,
2016-11-08,20,4,211,10,,
2016-11-09,17,7,122,13,,
2016-11-10,30,5,73,9,,
2016-11-11,18,3,76,12,,
2016-11-12,11,6,110,12,,
2016-11-13,28,9,144,13,,
2016-11-14,36,9,116,18,,
2016-11-15,35,8,85,15,,
2016-11-16,34,9,101,14,,
2016-11-17,37,8,138,9,,
2016-11-18,35,4,134,11,,
2016-11-19,18,7,155,13,,
2016-11-20,31,4,149,12,,
2016-11-21,16,5,166,10,,
2016-11-22,21,5,127,14,,
2016-11-23,20,5,172,11,,
2016-11-24,23,6,132,11,,
2016-11-25,24,4,83,12,,
2016-11-26,19,4,82,11,,
2016-11-27,19,4,53,8,,
2016-11-28,16,10,54,13,,
2016-11-29,40,8,73,8,,
2016-11-30,34,8,68,8,,
2016-12-01,35,12,59,9,,
2016-12-02,52,6,78,10,,
2016-12-03,26,9,114,9,,
2016-12-04,40,9,92,8,,
2016-12-05,38,15,90,10,,
2016-12-06,59,23,75,11,,
2016-12-07,65,12,77,10,,
2016-12-08,50,14,66,13,,
2016-12-09,55,21,70,18,,
2016-12-10,71,22,76,16,,
2016-12-11,73,11,58,14,,
2016-12-12,39,9,105,16,,
2016-12-13,37,5,125,10,,
2016-12-14,24,5,121,9,,
2016-12-15,21,8,80,8,,
2016-12-16,35,13,64,8,,
2016-12-17,54,13,54,10,,
2016-12-18,53,9,54,14,,
2016-12-19,41,11,73,17,,
2016-12-20,43,13,119,17,,
2016-12-21,47,13,111,16,,
2016-12-22,49,7,97,11,,
2016-12-23,30,17,88,12,,
2016-12-24,63,6,86,12,,
2016-12-25,25,17,83,21,,
2016-12-26,59,12,70,15,,
2016-12-27,46,11,55,12,,
2016-12-28,47,14,52,12,,
2016-12-29,56,8,50,12,,
2016-12-30,35,7,52,13,,
2016-12-31,26,3,54,16,,
2017-01-01,16,,,,,
2017-01-02,,8,54,4,,
2017-01-03,37,10,58,18,,
2017-01-04,41,10,57,14,,
2017-01-05,45,17,24,16,,
2017-01-06,62,13,25,15,,
2017-01-07,50,16,25,15,,
2017-01-08,59,10,20,16,,
2017-01-09,42,12,21,15,,
2017-01-10,47,11,26,16,,
2017-01-11,43,10,29,12,,
2017-01-12,41,11,26,15,,
2017-01-13,44,,,,,
2017-01-14,,6,13,19,,
2017-01-15,18,,,,,
2017-01-16,,,,,,
2017-01-17,,,,,,
2017-01-18,,,,,,
2017-01-19,,,,,,
2017-01-20,,10,29,12,,
2017-01-21,43,8,31,15,,
2017-01-22,36,9,32,16,,
2017-01-23,38,17,20,21,,
2017-01-24,64,,,,,
2017-01-25,,,,,,
2017-01-26,,,,,,
2017-01-27,,,,,,
2017-01-28,,,,,,
2017-01-29,,,,,,
2017-01-30,,,,,,
2017-01-31,,,,,,
2017-02-01,,,,,,
2017-02-02,,,,,,
2017-02-03,,,,,,
2017-02-04,,,,,,
2017-02-05,,,,,,
2017-02-06,,,,,,
2017-02-07,,,,,,
2017-02-08,,,,,,
2017-02-09,,,,,,
2017-02-10,,,,,,
2017-02-11,,,,,,
2017-02-12,,,,,,
2017-02-13,,,,,,
2017-02-14,,,,,,
2017-02-15,,,,,,
2017-02-16,,,,,,
2017-02-17,,,,,,
2017-02-18,,,,,,
2017-02-19,,,,,,
2017-02-20,,,,,,
2017-02-21,,,,,,
2017-02-22,,,11,6,,
2017-02-23,,,21,15,,
2017-02-24,,,18,14,,
2017-02-25,,,23,13,,
2017-02-26,,,26,12,,
2017-02-27,,,22,12,,
2017-02-28,,,29,17,,
2017-03-01,,,34,13,,
2017-03-02,,,18,21,,
2017-03-03,,,41,15,,
2017-03-04,,,39,18,,
2017-03-05,,,32,14,,
2017-03-06,,,15,19,,
2017-03-07,,,26,12,,
2017-03-08,,,,,,
2017-03-09,,,,,,
2017-03-10,,,24,10,,
2017-03-11,,,30,15,,
2017-03-12,,,18,16,,
2017-03-13,,,15,5,,
2017-03-14,,,20,11,,
2017-03-15,,,20,13,,
2017-03-16,,,24,10,,
2017-03-17,,,23,12,,
2017-03-18,,,30,9,,
2017-03-19,,,24,10,,
2017-03-20,,,29,14,,
2017-03-21,,,34,12,,
2017-03-22,,,34,12,,
2017-03-23,,,27,13,,
2017-03-24,,,39,9,,
2017-03-25,,,37,14,,
2017-03-26,,,22,10,,
2017-03-27,,,26,14,,
2017-03-28,,,32,17,,
2017-03-29,,,28,22,,
2017-03-30,,1,24,16,,
2017-03-31,4,,32,14,,
2017-04-01,,,44,7,,
2017-04-02,,,37,14,,
2017-04-03,,,37,17,,
2017-04-04,,,32,17,,
2017-04-05,,,33,13,,
2017-04-06,,,28,12,,
2017-04-07,,,31,11,,
2017-04-08,,,27,12,,
2017-04-09,,,26,13,,
2017-04-10,,,29,19,,
2017-04-11,,,40,24,,
2017-04-12,,,52,16,,
2017-04-13,,,36,12,,
2017-04-14,,,31,17,,
2017-04-15,,,36,12,,
2017-04-16,,,31,12,,
2017-04-17,,,28,13,,
2017-04-18,,,29,13,,
2017-04-19,,,33,14,,
2017-04-20,,,38,23,,
2017-04-21,,,44,24,,
2017-04-22,,,27,,,
2017-04-23,,,,,,
2017-04-24,,,,,,
2017-04-25,,,,13,,
2017-04-26,,,32,17,,
2017-04-27,,,36,17,,
2017-04-28,,,37,11,,
2017-04-29,,,35,12,,
2017-04-30,,,33,14,,
2017-05-01,,,35,10,,
2017-05-02,,,41,11,,
2017-05-03,,,87,16,,
2017-05-04,,,78,11,,
2017-05-05,,,66,14,,
2017-05-06,,,46,17,,
2017-05-07,,,99,12,,
2017-05-08,,,46,13,,
2017-05-09,,,43,13,,
2017-05-10,,,57,14,,
2017-05-11,,,71,12,,
2017-05-12,,,42,12,,
2017-05-13,,,68,13,,
2017-05-14,,,52,12,,
2017-05-15,,,48,12,,
2017-05-16,,,73,14,,
2017-05-17,,,32,27,,
2017-05-18,,,21,5,,
2017-05-19,,,63,15,,
2017-05-20,,,57,14,,
2017-05-21,,,71,13,,
2017-05-22,,,60,18,,
2017-05-23,,,150,18,,
2017-05-24,,,128,16,,
2017-05-25,,,128,13,,
2017-05-26,,,109,14,,
2017-05-27,,,60,13,,
2017-05-28,,,78,10,,
2017-05-29,,,93,17,,
2017-05-30,,,67,12,,
2017-05-31,,,43,14,,
2017-06-01,,,133,17,,
2017-06-02,,,142,16,,
2017-06-03,,,120,18,,
2017-06-04,,,114,17,,
2017-06-05,,,130,16,,
2017-06-06,,,89,17,,
2017-06-07,,,96,14,,
2017-06-08,,,66,14,,
2017-06-09,,,67,15,,
2017-06-10,,,85,17,,
2017-06-11,,,64,13,,
2017-06-12,,,69,23,,
2017-06-13,,,64,,,
2017-06-14,,,,,,
2017-06-15,,,,,,
2017-06-16,,,,,,
2017-06-17,,,,,,
2017-06-18,,,,,,
2017-06-19,,,,,,
2017-06-20,,,,,,
2017-06-21,,,,16,,
2017-06-22,,,32,17,,
2017-06-23,,,39,14,,
2017-06-24,,,,15,,
2017-06-25,,,,15,,
2017-06-26,,,,15,,
2017-06-27,,,,15,,
2017-06-28,,,,12,,
2017-06-29,,,,13,,
2017-06-30,,,,17,,
2017-07-01,,,,17,,
2017-07-02,,,,15,,
2017-07-03,,,,15,,
2017-07-04,,,,18,,
2017-07-05,,,,16,,
2017-07-06,,,,13,,
2017-07-07,,,,17,,
2017-07-08,,,,19,,
2017-07-09,,,,15,,
2017-07-10,,,,14,,
2017-07-11,,,,16,,
2017-07-12,,,,12,,
2017-07-13,,,,13,,
2017-07-14,,,,12,,
2017-07-15,,,,14,,
2017-07-16,,,,14,,
2017-07-17,,,,12,,
2017-07-18,,,,17,,
2017-07-19,,,,13,,
2017-07-20,,,,17,,
2017-07-21,,,,15,,
2017-07-22,,,,15,,
2017-07-23,,,,11,,
2017-07-24,,,,12,,
2017-07-25,,,,17,,
2017-07-26,,,,11,,
2017-07-27,,,,17,,
2017-07-28,,,,13,,
2017-07-29,,,106,14,,
2017-07-30,,,159,17,,
2017-07-31,,,159,15,,
2017-08-01,,,112,21,,
2017-08-02,,,115,17,,
2017-08-03,,,,,,
2017-08-04,,,152,11,,
2017-08-05,,,134,16,,
2017-08-06,,,52,18,,
2017-08-07,,,,,,
2017-08-08,,9,138,14,,
2017-08-09,22,8,207,16,,
2017-08-10,26,,105,27,,
2017-08-11,,,,,,
2017-08-12,,7,,,,
2017-08-13,28,6,190,10,,
2017-08-14,26,6,226,12,,
2017-08-15,23,5,212,14,,
2017-08-16,20,5,225,11,,
2017-08-17,19,5,178,11,,
2017-08-18,20,4,163,11,,
2017-08-19,16,2,151,11,,
2017-08-20,8,,15,8,,
2017-08-21,,,,,,
2017-08-22,,9,,,17,
2017-08-23,32,9,93,15,16,
2017-08-24,28,8,136,13,11,
2017-08-25,24,6,44,19,14,
2017-08-26,20,3,,,15,
2017-08-27,14,4,,,15,
2017-08-28,17,4,,,18,
2017-08-29,16,5,,,20,
2017-08-30,20,7,,,19,
2017-08-31,24,5,,,17,
2017-09-01,20,6,,,20,
2017-09-02,18,5,,,15,
2017-09-03,19,5,,,14,
2017-09-04,20,6,,,16,
2017-09-05,22,6,,,11,
2017-09-06,24,,,,,
2017-09-07,,,,,,
2017-09-08,,,,,,
2017-09-09,,,,,,
2017-09-10,,,,,,
2017-09-11,,,,,,
2017-09-12,,,,,,
2017-09-13,,,,,,
2017-09-14,,,,,,
2017-09-15,,,,,,
2017-09-16,,,,,,
2017-09-17,,,,,,
2017-09-18,,,,,,
2017-09-19,,10,,,12,
2017-09-20,43,13,,,13,
2017-09-21,53,12,,,12,
2017-09-22,49,15,,,13,
2017-09-23,58,11,,,14,
2017-09-24,41,10,,,13,
2017-09-25,41,13,,,17,
2017-09-26,48,6,,,14,
2017-09-27,28,9,,,17,
2017-09-28,35,8,,,12,
2017-09-29,30,9,,,9,
2017-09-30,39,,,,,
2017-10-01,,,,,,
2017-10-02,,,,,,
2017-10-03,,,,,,
2017-10-04,,,,,,
2017-10-05,,,,,,
2017-10-06,,,,,,
2017-10-07,,8,,,17,
2017-10-08,33,,,,,
2017-10-09,,,,,,
2017-10-10,,,,,,
2017-10-11,,16,,,28,
2017-10-12,59,9,,,32,
2017-10-13,38,15,,,19,
2017-10-14,57,19,,,13,
2017-10-15,67,14,,,12,
2017-10-16,56,7,,,9,
2017-10-17,32,3,,,9,
2017-10-18,11,4,,,16,
2017-10-19,19,10,,,9,
2017-10-20,44,,,,,
2017-10-21,,,,,,
2017-10-22,,,,,,
2017-10-23,,16,,,12,
2017-10-24,62,24,,,22,
2017-10-25,80,16,,,11,
2017-10-26,60,16,,,11,
2017-10-27,61,28,,,19,
2017-10-28,89,14,,,25,
2017-10-29,46,2,,,21,
2017-10-30,9,1,,,9,
2017-10-31,6,1,,,6,
2017-11-01,4,1,,,10,
2017-11-02,2,1,,,19,
2017-11-03,3,2,,,10,
2017-11-04,6,1,,,5,
2017-11-05,4,1,,,5,
2017-11-06,3,1,,,8,
2017-11-07,3,1,,,13,
2017-11-08,1,1,,,27,
2017-11-09,1,1,,,21,
2017-11-10,2,1,,,20,
2017-11-11,3,1,,,22,
2017-11-12,3,1,,,20,
2017-11-13,6,1,,,29,
2017-11-14,5,,,,,
2017-11-15,,,,,,
2017-11-16,,13,,,18,
2017-11-17,53,17,,,25,
2017-11-18,64,17,,,21,
2017-11-19,63,10,,,14,
2017-11-20,45,4,,,18,
2017-11-21,17,4,,,24,
2017-11-22,20,1,,,16,
2017-11-23,5,,,,,
2017-11-24,,2,,,13,
2017-11-25,6,1,,,12,
2017-11-26,6,2,,,13,
2017-11-27,8,8,,,20,
2017-11-28,33,8,,,25,
2017-11-29,33,12,,,21,
2017-11-30,49,9,,,23,
2017-12-01,41,11,,,21,
2017-12-02,50,4,,,19,
2017-12-03,17,17,,,21,
2017-12-04,63,20,,,20,
2017-12-05,71,27,,,20,
2017-12-06,86,21,,,20,
2017-12-07,72,26,,,21,
2017-12-08,85,26,,,23,
2017-12-09,86,36,,,22,
2017-12-10,109,38,,,24,
2017-12-11,114,28,,,24,
2017-12-12,91,34,,,23,
2017-12-13,106,34,,,23,
2017-12-14,105,21,,,25,
2017-12-15,73,13,,,24,
2017-12-16,51,7,,,23,
2017-12-17,31,,,,,
2017-12-18,,,,,,
2017-12-19,,,,,,
2017-12-20,,,,,,
2017-12-21,,,,,,
2017-12-22,,,,,,
2017-12-23,,,,,,
2017-12-24,,,,,,
2017-12-25,,38,,,20,
2017-12-26,114,13,,,18,
2017-12-27,47,6,,,20,
2017-12-28,25,3,,,20,
2017-12-29,14,5,,,21,
2017-12-30,20,14,,,21,
2017-12-31,55,25,,,22,
2018-01-01,82,21,,,22,
2018-01-02,74,20,,,23,
2018-01-03,70,11,,,24,
2018-01-04,47,13,,,26,
2018-01-05,52,9,,,26,
2018-01-06,36,15,,,27,
2018-01-07,59,18,,,26,
2018-01-08,67,26,,,27,
2018-01-09,86,3,,,20,
2018-01-10,10,2,,,20,
2018-01-11,8,3,,,19,
2018-01-12,12,4,,,18,
2018-01-13,16,13,,,20,
2018-01-14,52,10,,,22,
2018-01-15,43,17,,,23,
2018-01-16,62,20,,,26,
2018-01-17,70,18,,,26,
2018-01-18,65,25,,,27,
2018-01-19,83,18,,,27,
2018-01-20,64,17,,,26,
2018-01-21,64,24,,,27,
2018-01-22,80,18,,,28,
2018-01-23,65,19,,,29,
2018-01-24,69,14,,,29,
2018-01-25,57,11,,,29,
2018-01-26,50,13,,,27,
2018-01-27,54,13,,,22,
2018-01-28,54,,,,,
2018-01-29,,,,,,
2018-01-30,,,,,,
2018-01-31,,,,,,
2018-02-01,,,,,,
2018-02-02,,,,,,
2018-02-03,,,,,,
2018-02-04,,,,,,
2018-02-05,,,,,,
2018-02-06,,,,,,
2018-02-07,,,,,,
2018-02-08,,,,,,
2018-02-09,,,,,,
2018-02-10,,,,,,
2018-02-11,,,,,,
2018-02-12,,,,,,
2018-02-13,,,,,,
2018-02-14,,,,,,
2018-02-15,,,,,,
2018-02-16,,,,,,
2018-02-17,,,,,,
2018-02-18,,,,,,
2018-02-19,,,,,,
2018-02-20,,,,,,
2018-02-21,,,,,,
2018-02-22,,,,,,
2018-02-23,,,,,,
2018-02-24,,,,,,
2018-02-25,,,,,,
2018-02-26,,,,,,
2018-02-27,,,,,,
2018-02-28,,,,,,
2018-03-01,,,,,,
2018-03-02,,,,,,
2018-03-03,,,,,,
2018-03-04,,,,,,
2018-03-05,,,,,,
2018-03-06,,,,,,
2018-03-07,,,,,,
2018-03-08,,,,,,
2018-03-09,,,,,,
2018-03-10,,,,,,
2018-03-11,,,,,,
2018-03-12,,,,,,
2018-03-13,,,,,,
2018-03-14,,,,,,
2018-03-15,,,,,,
2018-03-16,,,,,,
2018-03-17,,,,,,
2018-03-18,,,,,,
2018-03-19,,,,,,
2018-03-20,,,,,,
2018-03-21,,,,,,
2018-03-22,,,,,,
2018-03-23,,,,,,
2018-03-24,,,,,,
2018-03-25,,,,,,
2018-03-26,,,,,,
2018-03-27,,,,,,
2018-03-28,,,,,,
2018-03-29,,,,,,
2018-03-30,,,,,,
2018-03-31,,,,,,
2018-04-01,,,,,,
2018-04-02,,,,,,
2018-04-03,,,,,,
2018-04-04,,,,,,
2018-04-05,,,,,,
2018-04-06,,,,,,
2018-04-07,,,,,,
2018-04-08,,,,,,
2018-04-09,,,,,,
2018-04-10,,,,,,
2018-04-11,,,,,,
2018-04-12,,,,,,
2018-04-13,,,,,,
2018-04-14,,,,,,
2018-04-15,,,,,,
2018-04-16,,,,,,
2018-04-17,,,,,,
2018-04-18,,,,,,
2018-04-19,,20,,,55,
2018-04-20,71,,,,,
2018-04-21,,,,,,
2018-04-22,,,,,,
2018-04-23,,22,,,56,
2018-04-24,75,28,,,56,
2018-04-25,89,33,,,59,
2018-04-26,100,24,,,58,
2018-04-27,81,23,,,59,
2018-04-28,77,21,,,59,
2018-04-29,73,19,,,59,
2018-04-30,69,18,,,59,
2018-05-01,65,20,,,59,
2018-05-02,72,26,,,59,
2018-05-03,84,,,,,
2018-05-04,,,,,,
2018-05-05,,,,,,
2018-05-06,,,,,,
2018-05-07,,11,,,60,
2018-05-08,45,12,,,61,
2018-05-09,51,11,,,61,
2018-05-10,39,9,,,63,
2018-05-11,41,12,,,66,
2018-05-12,52,19,,,66,
2018-05-13,69,18,,,67,
2018-05-14,65,16,,,67,
2018-05-15,62,17,,,68,
2018-05-16,64,12,,,68,
2018-05-17,51,14,,,69,
2018-05-18,54,15,,,70,
2018-05-19,57,14,,,70,
2018-05-20,55,19,,,71,
2018-05-21,69,19,,,71,
2018-05-22,69,,,,,
2018-05-23,,14,,,72,
2018-05-24,56,14,,,73,
2018-05-25,57,,,,,
2018-05-26,,,,,,
2018-05-27,,,,,,
2018-05-28,,15,,,75,
2018-05-29,58,12,,,76,
2018-05-30,49,15,,,76,
2018-05-31,59,17,,,77,
2018-06-01,62,12,,,77,
2018-06-02,50,10,,,78,
2018-06-03,41,6,,,79,
2018-06-04,26,10,,,80,
2018-06-05,44,7,,,80,
2018-06-06,31,15,,,80,
2018-06-07,58,8,,,81,
2018-06-08,34,11,,,82,
2018-06-09,42,10,,,83,
2018-06-10,36,6,,,83,
2018-06-11,24,7,,,84,
2018-06-12,26,9,,,85,
2018-06-13,26,7,,,86,
2018-06-14,25,7,,,86,
2018-06-15,28,7,,,87,
2018-06-16,27,5,,,87,
2018-06-17,21,4,,,88,
2018-06-18,17,5,,,89,
2018-06-19,20,5,,,89,
2018-06-20,21,4,,,90,
2018-06-21,12,,,,,
2018-06-22,,6,,,,
2018-06-23,23,7,,,,
2018-06-24,28,7,,,,
2018-06-25,25,6,,,,
2018-06-26,21,4,,,,
2018-06-27,18,6,,,,
2018-06-28,24,5,,,,
2018-06-29,21,5,,,,
2018-06-30,18,4,,,,
2018-07-01,17,5,,,,
2018-07-02,18,,,,,
2018-07-03,,,,,,
2018-07-04,,,,,,
2018-07-05,,,,,,
2018-07-06,,,,,,
2018-07-07,,,,,,
2018-07-08,,,,,,
2018-07-09,,,,,,
2018-07-10,,,,,,
2018-07-11,,,,,,
2018-07-12,,,,,,
2018-07-13,,,,,,
2018-07-14,,,,,,
2018-07-15,,,,,,
2018-07-16,,,,,,
2018-07-17,,,,,,
2018-07-18,,,,,,
2018-07-19,,,,,,
2018-07-20,,,,,,
2018-07-21,,,,,,
2018-07-22,,,,,,
2018-07-23,,,,,,
2018-07-24,,,,,,
2018-07-25,,,,,,
2018-07-26,,,,,,
2018-07-27,,,,,,
2018-07-28,,,,,,
2018-07-29,,,,,,
2018-07-30,,,,,,
2018-07-31,,,,,,
2018-08-01,,,,,,
2018-08-02,,,,,,
2018-08-03,,,,,,
2018-08-04,,,,,,
2018-08-05,,,,,,
2018-08-06,,,,,,
2018-08-07,,,,,,
2018-08-08,,12,,,,
2018-08-09,50,4,,,,
2018-08-10,17,4,,,,
2018-08-11,18,5,,,,
2018-08-12,20,4,,,,
2018-08-13,13,3,,,,
2018-08-14,12,3,,,,
2018-08-15,10,5,,,,
2018-08-16,16,4,,,,
2018-08-17,14,4,,,,
2018-08-18,16,3,,,,
2018-08-19,11,4,,,,
2018-08-20,15,4,,,,
2018-08-21,18,6,,,,
2018-08-22,27,7,,,,
2018-08-23,29,5,,,,
2018-08-24,22,6,,,,
2018-08-25,23,8,,,,
2018-08-26,32,5,,,,
2018-08-27,24,5,,,,
2018-08-28,18,5,,,,
2018-08-29,18,6,,,,
2018-08-30,22,5,,,,
2018-08-31,14,5,,,,
2018-09-01,17,6,,,,
2018-09-02,25,6,,,,
2018-09-03,23,5,,,,
2018-09-04,18,5,,,,
2018-09-05,18,5,,,,
2018-09-06,20,8,,,,
2018-09-07,32,10,,,,
2018-09-08,40,7,,,,
2018-09-09,30,4,,,,
2018-09-10,19,9,,,,
2018-09-11,37,9,,,,
2018-09-12,37,8,,,,
2018-09-13,32,5,,,,
2018-09-14,23,14,,,,
2018-09-15,52,6,,,,
2018-09-16,26,11,,,,
2018-09-17,48,7,,,,
2018-09-18,30,5,,,,
2018-09-19,20,6,,,,
2018-09-20,24,5,,,,
2018-09-21,22,6,,,,
2018-09-22,26,6,,,,
2018-09-23,24,4,,,,
2018-09-24,20,7,,,,
2018-09-25,31,9,,,,
2018-09-26,39,13,,,,
2018-09-27,52,10,,,,
2018-09-28,42,10,,,,
2018-09-29,42,8,,,,
2018-09-30,34,8,,,,
2018-10-01,37,14,,,,
2018-10-02,57,10,,,,
2018-10-03,45,8,,,,
2018-10-04,36,,,,,
2018-10-05,,,,,,
2018-10-06,,,,,,
2018-10-07,,,,,,
2018-10-08,,,,,,
2018-10-09,,,,,,
2018-10-10,,,,,,
2018-10-11,,,,,,
2018-10-12,,,,,,
2018-10-13,,,,,,
2018-10-14,,,,,,
2018-10-15,,,,,,
2018-10-16,,,,,,
2018-10-17,,,,,,
2018-10-18,,,,,,
2018-10-19,,,,,,
2018-10-20,,,,,,
2018-10-21,,,,,,
2018-10-22,,,,,,
2018-10-23,,,,,,
2018-10-24,,,,,,
2018-10-25,,,,,,
2018-10-26,,,,,,
2018-10-27,,,,,,
2018-10-28,,,,,,
2018-10-29,,,,,,
2018-10-30,,,,,,
2018-10-31,,,,,,
2018-11-01,,,,,124,
2018-11-02,,,,,,
2018-11-03,,,,,,
2018-11-04,,,,,,
2018-11-05,,,,,,
2018-11-06,,,,,,
2018-11-07,,,,,,
2018-11-08,,,,,,
2018-11-09,,,,,,
2018-11-10,,,,,,
2018-11-11,,,,,,
2018-11-12,,,,,,
2018-11-13,,,,,,
2018-11-14,,,,,,
2018-11-15,,,,,,
2018-11-16,,,,,,
2018-11-17,,,,,,
2018-11-18,,,,,,
2018-11-19,,,,,,
2018-11-20,,,,,,
2018-11-21,,,,,,
2018-11-22,,,,,,
2018-11-23,,,,,,
2018-11-24,,,,,,
2018-11-25,,,,,,
2018-11-26,,,,,,
2018-11-27,,,,,,
2018-11-28,,,,,137,
2018-11-29,,6,,,137,
2018-11-30,23,8,,,136,
2018-12-01,32,6,,,134,
2018-12-02,27,,,,,
2018-12-03,,12,,,133,
2018-12-04,48,12,,,136,
2018-12-05,50,11,,,136,
2018-12-06,43,15,,,138,
2018-12-07,55,7,,,137,
2018-12-08,31,3,,,136,
2018-12-09,13,4,,,135,
2018-12-10,18,5,,,134,
2018-12-11,23,5,,,135,
2018-12-12,24,10,,,134,
2018-12-13,46,3,,,134,
2018-12-14,15,6,,,134,
2018-12-15,25,6,,,134,
2018-12-16,27,9,,,135,
2018-12-17,38,6,,,135,
2018-12-18,26,11,,,135,
2018-12-19,44,19,,,141,
2018-12-20,64,13,,,141,
2018-12-21,53,12,,,139,
2018-12-22,46,9,,,139,
2018-12-23,34,9,,,138,
2018-12-24,38,75,,,88,
2018-12-25,76,,,,,
2018-12-26,,28,,,0,
2018-12-27,74,36,,,0,
2018-12-28,81,32,,,0,
2018-12-29,72,19,,,0,
2018-12-30,62,19,,,0,
2018-12-31,,,,,,
2019-01-01,,7,,,0,
2019-01-02,26,8,,,0,
2019-01-03,26,11,,,0,
2019-01-04,32,15,,,1,
2019-01-05,40,15,,,1,
2019-01-06,45,32,,,1,
2019-01-07,85,43,,,1,
2019-01-08,106,52,,,1,
2019-01-09,121,30,,,1,
2019-01-10,83,32,,,1,
2019-01-11,86,39,,,2,
2019-01-12,100,28,,,1,
2019-01-13,79,26,,,1,
2019-01-14,74,38,,,2,
2019-01-15,97,40,,,2,
2019-01-16,98,25,,,1,
2019-01-17,78,8,,,1,
2019-01-18,26,17,,,1,
2019-01-19,56,34,,,1,
2019-01-20,93,31,,,1,
2019-01-21,88,30,,,1,
2019-01-22,86,22,,,1,
2019-01-23,66,36,,,1,
2019-01-24,96,54,,,2,
2019-01-25,135,51,,,2,
2019-01-26,128,46,,,2,
2019-01-27,122,51,,,3,
2019-01-28,131,25,,,2,
2019-01-29,75,37,,,2,
2019-01-30,92,38,,,1,
2019-01-31,102,31,,,1,
2019-02-01,84,36,,,3,
2019-02-02,97,35,,,2,
2019-02-03,99,39,,,1,
2019-02-04,111,30,,,1,
2019-02-05,86,25,,,1,
2019-02-06,80,20,,,1,
2019-02-07,68,28,,,2,
2019-02-08,88,35,,,1,
2019-02-09,104,35,,,1,
2019-02-10,107,22,,,1,
2019-02-11,74,26,,,1,
2019-02-12,81,20,,,1,
2019-02-13,67,23,,,1,
2019-02-14,72,23,,,1,
2019-02-15,72,22,,,1,
2019-02-16,70,26,,,2,
2019-02-17,80,28,,,2,
2019-02-18,88,33,,,2,
2019-02-19,97,37,,,2,
2019-02-20,105,29,,,2,
2019-02-21,87,23,,,1,
2019-02-22,72,30,,,1,
2019-02-23,90,,,,,
2019-02-24,,,,,,
2019-02-25,,,,,,
2019-02-26,,,,,,
2019-02-27,,,,,,
2019-02-28,,,,,,
2019-03-01,,18,,,1,
2019-03-02,60,28,,,3,
2019-03-03,78,31,,,2,
2019-03-04,90,25,,,1,
2019-03-05,77,28,,,1,
2019-03-06,81,44,,,1,
2019-03-07,123,51,,,1,
2019-03-08,135,31,,,1,
2019-03-09,94,37,,,2,
2019-03-10,107,45,,,1,
2019-03-11,124,20,,,1,
2019-03-12,67,29,,,1,
2019-03-13,89,50,,,1,
2019-03-14,138,42,,,1,
2019-03-15,120,42,,,1,
2019-03-16,122,35,,,1,
2019-03-17,100,30,,,1,
2019-03-18,90,37,,,2,
2019-03-19,105,35,,,2,
2019-03-20,101,35,,,2,
2019-03-21,100,37,,,2,
2019-03-22,108,39,,,2,
2019-03-23,113,26,,,1,
2019-03-24,82,22,,,1,
2019-03-25,72,18,,,1,
2019-03-26,63,25,,,2,
2019-03-27,76,28,,,2,
2019-03-28,80,36,,,2,
2019-03-29,102,48,,,3,
2019-03-30,129,52,,,3,
2019-03-31,141,45,,,2,
2019-04-01,125,31,,,2,
2019-04-02,91,,,,,
2019-04-03,,,,,,
2019-04-04,,,,,,
2019-04-05,,,,,,
2019-04-06,,,,,,
2019-04-07,,,,,,
2019-04-08,,,,,,
2019-04-09,,,,,,
2019-04-10,,,,,,
2019-04-11,,,,,,
2019-04-12,,,,,,
2019-04-13,,,,,,
2019-04-14,,,,,,
2019-04-15,,,,,,
2019-04-16,,,,,,
2019-04-17,,,,,,
2019-04-18,,,,,,
2019-04-19,,,,,,
2019-04-20,,,,,,
2019-04-21,,,,,,
2019-04-22,,,,,,
2019-04-23,,,,,,
2019-04-24,,,,,,
2019-04-25,,,,,,
2019-04-26,,,,,,
2019-04-27,,,,,,
2019-04-28,,,,,,
2019-04-29,,,,,,
2019-04-30,,,,,,
2019-05-01,,,,,,
2019-05-02,,,,,,
2019-05-03,,,,,,
2019-05-04,,,,,,
2019-05-05,,,,,,
2019-05-06,,,,,,
2019-05-07,,,,,,
2019-05-08,,,,,,
2019-05-09,,,,,,
2019-05-10,,,,,,
2019-05-11,,,,,,
2019-05-12,,,,,,
2019-05-13,,,,,,
2019-05-14,,,,,,
2019-05-15,,,,,,
2019-05-16,,,,,,
2019-05-17,,,,,,
2019-05-18,,,,,,
2019-05-19,,,,,,
2019-05-20,,,,,,
2019-05-21,,,,,,
2019-05-22,,,,,,
2019-05-23,,,,,,
2019-05-24,,,,,,
2019-05-25,,,,,,
2019-05-26,,,,,,
2019-05-27,,,,,,
2019-05-28,,0,,0,,
2019-05-29,0,0,,0,,
2019-05-30,0,0,,0,,
2019-05-31,0,0,,0,,
2019-06-01,0,,,,,
2019-06-02,,0,,0,,
2019-06-03,0,0,,0,,
2019-06-04,0,0,,0,,
2019-06-05,0,0,,0,,
2019-06-06,0,0,,0,,
2019-06-07,12,13,,0,,
2019-06-08,36,17,,0,,
2019-06-09,45,19,,0,,
2019-06-10,49,15,,0,,
2019-06-11,37,249,,0,,
2019-06-12,312,448,,0,,
2019-06-13,243,0,,0,,
2019-06-14,1,,,0,,
2019-06-15,,,,,,
2019-06-16,,,,,,
2019-06-17,,,,,,
2019-06-18,,,,,,
2019-06-19,,,,,,
2019-06-20,,,,,,
2019-06-21,,,,,,
2019-06-22,,,,,,
2019-06-23,,,,,,
2019-06-24,,,,,,
2019-06-25,,,,,,
2019-06-26,,,,,,
2019-06-27,,,,,,
2019-06-28,,9,,27,,
2019-06-29,21,9,,28,,
2019-06-30,20,9,,28,,
2019-07-01,24,16,,31,,
2019-07-02,26,15,,35,,
2019-07-03,39,7,,27,,
2019-07-04,15,7,,23,,
2019-07-05,9,8,,24,,
2019-07-06,15,11,,27,,
2019-07-07,28,12,,30,,
2019-07-08,31,13,,29,,
2019-07-09,31,13,,28,,
2019-07-10,27,13,,26,,
2019-07-11,29,15,,28,,
2019-07-12,34,20,,30,,
2019-07-13,53,15,,26,,
2019-07-14,41,17,,28,,
2019-07-15,45,16,,31,,
2019-07-16,42,15,,21,,
2019-07-17,31,,,,,
2019-07-18,,,,,,
2019-07-19,,,,,,
2019-07-20,,,,,,
2019-07-21,,,,,,
2019-07-22,,,,,,
2019-07-23,,,,34,,
2019-07-24,,4,,29,,
2019-07-25,12,8,,26,,
2019-07-26,10,,,,,
2019-07-27,,,,,,
2019-07-28,,10,,25,,
2019-07-29,25,12,,26,,
2019-07-30,29,19,,32,,
2019-07-31,44,19,,33,,
2019-08-01,46,14,,32,,
2019-08-02,26,13,,29,,
2019-08-03,23,14,,27,,
2019-08-04,19,12,,27,,
2019-08-05,27,13,,23,,
2019-08-06,31,14,,23,,
2019-08-07,35,19,,29,,
2019-08-08,48,20,,29,,
2019-08-09,46,16,,31,,
2019-08-10,35,13,,29,,
2019-08-11,29,13,,25,,
2019-08-12,26,15,,25,,
2019-08-13,24,16,,27,,
2019-08-14,28,13,,25,,
2019-08-15,27,16,,28,,
2019-08-16,33,19,,26,,
2019-08-17,41,11,,23,,
2019-08-18,19,9,,23,,
2019-08-19,17,13,,25,,
2019-08-20,24,17,,29,,
2019-08-21,36,9,,25,,
2019-08-22,19,13,,27,,
2019-08-23,29,16,,29,,
2019-08-24,36,22,,28,,
2019-08-25,56,14,,26,,
2019-08-26,38,9,,27,,
2019-08-27,20,12,,26,,
2019-08-28,28,7,,20,,
2019-08-29,20,14,,21,,
2019-08-30,39,,,,,
2019-08-31,,,,,,
2019-09-01,,,,,,
2019-09-02,,,,,,
2019-09-03,,,,,,
2019-09-04,,,,,,
2019-09-05,,4,,19,,
2019-09-06,8,13,,29,,
2019-09-07,29,20,,29,,
2019-09-08,51,14,,26,,
2019-09-09,36,13,,24,,
2019-09-10,33,18,,29,,
2019-09-11,42,11,,25,,
2019-09-12,28,13,,23,,
2019-09-13,35,15,,25,,
2019-09-14,41,22,,22,,
2019-09-15,56,19,,20,,
2019-09-16,54,,,,,
2019-09-17,,,,,,
2019-09-18,,15,,23,,
2019-09-19,46,10,,22,,
2019-09-20,30,17,,28,,
2019-09-21,49,25,,30,,
2019-09-22,73,33,,32,,
2019-09-23,95,34,,28,,
2019-09-24,100,32,,22,,
2019-09-25,93,32,,50,,
2019-09-26,96,32,,39,,
2019-09-27,94,32,,28,,
2019-09-28,93,32,,26,,
2019-09-29,94,41,,26,,
2019-09-30,118,45,,35,,
2019-10-01,132,43,,30,,
2019-10-02,128,29,,25,,
2019-10-03,87,31,,29,,
2019-10-04,93,,,,,
2019-10-05,,,,,,
2019-10-06,,17,,30,,
2019-10-07,50,16,,24,,
2019-10-08,48,17,,25,,
2019-10-09,51,15,,27,,
2019-10-10,46,17,,29,,
2019-10-11,51,18,,30,,
2019-10-12,55,18,,29,,
2019-10-13,52,15,,24,,
2019-10-14,46,20,,29,,
2019-10-15,48,13,,34,,
2019-10-16,39,14,,34,,
2019-10-17,43,14,,20,,
2019-10-18,41,16,,19,,
2019-10-19,45,18,,22,,
2019-10-20,52,25,,27,,
2019-10-21,75,26,,31,,
2019-10-22,73,27,,28,,
2019-10-23,77,28,,27,,
2019-10-24,79,22,,30,,
2019-10-25,62,18,,22,,
2019-10-26,54,12,,24,,
2019-10-27,35,14,,22,,
2019-10-28,41,17,,22,,
2019-10-29,50,21,,23,,
2019-10-30,60,12,,19,,
2019-10-31,36,11,,25,,
2019-11-01,32,13,,30,,
2019-11-02,38,12,,25,,
2019-11-03,36,21,,20,,
2019-11-04,59,39,,20,,
2019-11-05,112,42,,44,,
2019-11-06,119,37,,31,,
2019-11-07,107,24,,25,,
2019-11-08,68,27,,37,,
2019-11-09,77,21,,30,,
2019-11-10,58,13,,16,,
2019-11-11,39,8,,13,,
2019-11-12,24,8,,12,,
2019-11-13,22,15,,17,,
2019-11-14,42,17,,17,,
2019-11-15,49,21,,14,,
2019-11-16,59,18,,20,,
2019-11-17,51,14,,15,,
2019-11-18,39,11,,11,,
2019-11-19,32,,,,,
2019-11-20,,,,,,
2019-11-21,,,,,,
2019-11-22,,,,,,
2019-11-23,,14,,18,,
2019-11-24,26,19,,17,,
2019-11-25,36,13,,15,,
2019-11-26,25,13,,9,,
2019-11-27,24,11,,8,,
2019-11-28,20,16,,6,,
2019-11-29,32,13,,8,,
2019-11-30,25,10,,10,,
2019-12-01,19,12,,14,,
2019-12-02,22,22,,8,,
2019-12-03,43,24,,12,3,7
2019-12-04,46,33,,17,4,4
2019-12-05,62,28,,20,3,7
2019-12-06,53,18,,7,3,1
2019-12-07,32,45,,9,4,5
2019-12-08,84,28,,11,4,7
2019-12-09,52,26,,11,4,8
2019-12-10,49,35,,12,4,10
2019-12-11,67,36,,11,4,5
2019-12-12,70,44,,9,4,5
2019-12-13,86,14,,14,3,6
2019-12-14,24,18,,19,3,7
2019-12-15,35,21,,21,3,7
2019-12-16,40,20,,23,4,12
2019-12-17,37,16,,15,4,9
2019-12-18,32,16,,16,4,9
2019-12-19,31,12,,18,4,17
2019-12-20,25,17,,16,4,11
2019-12-21,32,14,,20,4,10
2019-12-22,26,17,,20,4,9
2019-12-23,31,13,,18,4,8
2019-12-24,24,11,,16,4,7
2019-12-25,18,14,,19,,6
2019-12-26,23,18,,23,,8
2019-12-27,32,18,19,21,4,8
2019-12-28,34,14,18,17,4,6
2019-12-29,28,12,19,10,4,2
2019-12-30,23,,,,,
2019-12-31,,,,,,
2020-01-01,,4,14,8,,2
2020-01-02,8,5,14,9,4,4
2020-01-03,10,9,13,17,4,10
2020-01-04,17,16,11,23,4,11
2020-01-05,29,14,12,20,4,8
2020-01-06,26,10,11,17,4,6
2020-01-07,19,9,10,14,4,7
2020-01-08,18,8,10,17,4,9
2020-01-09,16,11,10,20,4,10
2020-01-10,20,16,9,22,4,11
2020-01-11,29,12,9,22,4,10
2020-01-12,22,12,13,17,4,6
2020-01-13,23,13,21,15,4,6
2020-01-14,25,15,19,19,4,7
2020-01-15,29,9,18,14,4,5
2020-01-16,16,18,15,16,4,6
2020-01-17,33,20,10,17,5,11
2020-01-18,36,22,10,17,5,8
2020-01-19,42,16,16,17,4,6
2020-01-20,31,16,15,18,4,5
2020-01-21,25,15,16,14,4,4
2020-01-22,25,14,15,11,4,4
2020-01-23,24,11,14,9,4,2
2020-01-24,21,8,15,5,4,1
2020-01-25,15,,14,4,4,2
2020-01-26,,,12,4,4,2
2020-01-27,,1,12,7,4,2
2020-01-28,2,1,13,7,5,3
2020-01-29,2,2,13,6,5,2
2020-01-30,3,14,20,8,5,2
2020-01-31,28,26,18,21,5,7
2020-02-01,50,,19,18,5,6
2020-02-02,,,,,,
2020-02-03,,,14,10,5,3
2020-02-04,,,16,12,5,4
2020-02-05,,,15,14,5,5
2020-02-06,,,16,13,5,4
2020-02-07,,,14,14,5,4
2020-02-08,,,17,10,5,2
2020-02-09,,,20,6,5,2
2020-02-10,,,19,4,,2
2020-02-11,,,,,,
2020-02-12,,,,7,2,2
2020-02-13,,,,8,3,
2020-02-14,,,14,9,5,4
2020-02-15,,,15,10,5,3
2020-02-16,,,14,6,5,2
2020-02-17,,,15,6,5,2
2020-02-18,,,17,12,,4
2020-02-19,,,20,12,5,3
2020-02-20,,,18,14,5,4
2020-02-21,,,17,10,5,5
2020-02-22,,,16,6,5,6
2020-02-23,,,,,,
2020-02-24,,,,,,
2020-02-25,,,,,,
2020-02-26,,,,,,
2020-02-27,,,,,,
2020-02-28,,,,,,
2020-02-29,,,,,,
2020-03-01,,,,,,
2020-03-02,,,10,3,5,1
2020-03-03,,,9,2,5,1
2020-03-04,,,10,3,5,1
2020-03-05,,,10,4,5,1
2020-03-06,,,16,6,5,1
2020-03-07,,,20,4,5,1
2020-03-08,,,17,4,5,1
2020-03-09,,,20,5,5,1
2020-03-10,,,19,4,6,1
2020-03-11,,,19,5,5,1
2020-03-12,,,29,5,5,1
2020-03-13,,,64,6,6,1
2020-03-14,,,114,4,6,1
2020-03-15,,,89,4,6,1
2020-03-16,,,87,5,6,1
2020-03-17,,,72,4,6,1
2020-03-18,,,18,4,6,1
2020-03-19,,,14,5,6,1
2020-03-20,,,14,5,6,1
2020-03-21,,,14,4,6,1
2020-03-22,,,13,3,6,1
2020-03-23,,,12,5,6,1
2020-03-24,,,14,5,6,1
2020-03-25,,,11,3,6,1
2020-03-26,,,11,4,6,1
2020-03-27,,,13,6,6,1
2020-03-28,,,13,5,6,1
2020-03-29,,,14,3,6,1
2020-03-30,,,,,,
2020-03-31,,,,,,
2020-04-01,,,,,,
2020-04-02,,,12,3,6,1
2020-04-03,,,11,2,6,1
2020-04-04,,,11,2,6,1
2020-04-05,,,10,2,6,1
2020-04-06,,,12,3,6,1
2020-04-07,,,13,4,6,1
2020-04-08,,,14,4,6,1
2020-04-09,,,19,4,6,1
2020-04-10,,,20,3,6,1
2020-04-11,,,19,4,7,1
2020-04-12,,,15,4,7,1
2020-04-13,,,19,1,7,1
2020-04-14,,,24,1,7,1
2020-04-15,,,27,1,7,1
2020-04-16,,,20,1,7,1
2020-04-17,,,19,1,7,1
2020-04-18,,,15,1,6,1
2020-04-19,,,11,1,7,1
2020-04-20,,,15,,7,1
2020-04-21,,,13,1,7,1
2020-04-22,,,12,1,7,1
2020-04-23,,,8,1,7,1
2020-04-24,,,13,1,7,1
2020-04-25,,,15,1,7,1
2020-04-26,,,13,,,1
2020-04-27,,,17,,,1
2020-04-28,,,20,1,,1
2020-04-29,,,24,1,,1
2020-04-30,,,21,1,7,2
2020-05-01,,,,,,
2020-05-02,,,,,,
2020-05-03,,,,,,
2020-05-04,,,,,,
2020-05-05,,,,,,
2020-05-06,,,,,,
2020-05-07,,,,,,
2020-05-08,,,,,,
2020-05-09,,,,,,
2020-05-10,,,,,,
2020-05-11,,,,,,
2020-05-12,,,,,,
2020-05-13,,,,,,
2020-05-14,,,,,,
2020-05-15,,,,,,
2020-05-16,,,,,,
2020-05-17,,,,,7,
2020-05-18,,,,1,7,
2020-05-19,,,17,,7,1
2020-05-20,,,7,,7,1
2020-05-21,,,7,,8,
2020-05-22,,,17,,7,2
2020-05-23,,,20,1,7,3
2020-05-24,,,17,,7,2
2020-05-25,,,15,,7,1
2020-05-26,,,16,,7,2
2020-05-27,,,17,1,7,2
2020-05-28,,,17,,8,2
2020-05-29,,,14,1,8,2
2020-05-30,,,12,1,8,3
2020-05-31,,,17,1,7,2
2020-06-01,,,13,1,7,1
2020-06-02,,,17,1,8,3
2020-06-03,,,12,1,8,2
2020-06-04,,,15,1,8,1
2020-06-05,,,15,1,8,2
2020-06-06,,,15,1,8,2
2020-06-07,,,15,1,8,1
2020-06-08,,6,18,1,8,1
2020-06-09,9,10,23,9,7,6
2020-06-10,18,8,27,6,1,4
2020-06-11,13,7,26,6,1,4
2020-06-12,13,12,29,5,1,4
2020-06-13,22,10,28,6,1,6
2020-06-14,17,,33,7,1,5
2020-06-15,,,29,6,1,4
2020-06-16,,,22,6,1,5
2020-06-17,,,16,8,1,8
2020-06-18,,,17,7,2,7
2020-06-19,,,43,6,1,6
2020-06-20,,,25,6,1,5
2020-06-21,,,21,4,1,3
2020-06-22,,,35,6,1,4
2020-06-23,,,27,6,1,5
2020-06-24,,,29,6,1,6
2020-06-25,,,28,7,1,6
2020-06-26,,,28,6,1,4
2020-06-27,,,27,6,1,4
2020-06-28,,,121,7,1,5
2020-06-29,,,27,4,2,3
2020-06-30,,,25,6,1,6
2020-07-01,,,32,8,1,7
2020-07-02,,,19,9,1,11
2020-07-03,,,7,9,1,10
2020-07-04,,,,,,
2020-07-05,,,,,,
2020-07-06,,,,4,1,3
2020-07-07,,,14,5,1,4
2020-07-08,,,24,6,1,5
2020-07-09,,,26,7,1,6
2020-07-10,,,26,8,2,8
2020-07-11,,,26,9,2,8
2020-07-12,,,30,6,2,4
2020-07-13,,,28,6,2,5
2020-07-14,,,28,,,
2020-07-15,,,,,,
2020-07-16,,,,,,
2020-07-17,,,,7,1,5
2020-07-18,,,21,6,2,5
2020-07-19,,,31,6,2,4
2020-07-20,,,24,4,2,3
2020-07-21,,,17,4,1,3
2020-07-22,,,19,5,1,5
2020-07-23,,,20,5,2,4
2020-07-24,,,26,5,2,4
2020-07-25,,,23,6,1,4
2020-07-26,,,23,4,2,3
2020-07-27,,,24,5,2,4
2020-07-28,,,24,4,2,3
2020-07-29,,,24,3,2,2
2020-07-30,,,23,4,1,2
2020-07-31,,,27,6,2,5
2020-08-01,,,11,4,2,3
2020-08-02,,,17,3,2,2
2020-08-03,,,21,3,2,3
2020-08-04,,,11,3,2,3
2020-08-05,,,29,3,2,2
2020-08-06,,,33,2,2,1
2020-08-07,,,38,2,2,1
2020-08-08,,,41,2,2,1
2020-08-09,,,31,2,2,1
2020-08-10,,,68,3,2,2
2020-08-11,,,45,4,2,3
2020-08-12,,,38,3,2,3
2020-08-13,,,42,3,2,2
2020-08-14,,,18,3,2,2
2020-08-15,,,49,3,2,2
2020-08-16,,,27,2,2,1
2020-08-17,,,44,3,2,2
2020-08-18,,,36,3,2,2
2020-08-19,,,29,3,2,2
2020-08-20,,,27,3,2,3
2020-08-21,,,21,2,2,2
2020-08-22,,,18,3,2,2
2020-08-23,,,48,2,2,1
2020-08-24,,,44,4,2,3
2020-08-25,,,36,4,2,3
2020-08-26,,,40,3,2,2
2020-08-27,,,46,4,2,3
2020-08-28,,,32,3,3,2
2020-08-29,,,46,3,2,2
2020-08-30,,,46,2,2,1
2020-08-31,,,24,3,2,2
2020-09-01,,,34,3,3,2
2020-09-02,,,29,2,2,2
2020-09-03,,,30,3,2,3
2020-09-04,,,25,3,3,2
2020-09-05,,,20,4,3,3
2020-09-06,,,21,4,3,3
2020-09-07,,,22,4,3,3
2020-09-08,,,23,3,3,3
2020-09-09,,,22,3,2,3
2020-09-10,,,24,3,3,2
2020-09-11,,,23,3,9,3
2020-09-12,,,24,3,3,2
2020-09-13,,,22,3,3,2
2020-09-14,,,21,3,3,3
2020-09-15,,,17,3,3,1
2020-09-16,,,10,,,
2020-09-17,,,,4,2,10
2020-09-18,,,7,2,2,4
2020-09-19,,,13,3,3,4
2020-09-20,,,24,2,3,5
2020-09-21,,,12,1,3,7
2020-09-22,,,12,1,3,5
2020-09-23,,,17,1,3,4
2020-09-24,,,19,1,3,4
2020-09-25,,,23,1,3,5
2020-09-26,,,28,1,3,4
2020-09-27,,,27,1,3,4
2020-09-28,,,17,1,3,4
2020-09-29,,,20,1,3,3
2020-09-30,,,21,1,4,4
2020-10-01,,,19,1,3,5
2020-10-02,,,16,1,3,6
2020-10-03,,,15,1,3,9
2020-10-04,,,12,1,3,4
2020-10-05,,,14,1,3,5
2020-10-06,,,15,1,3,7
2020-10-07,,,17,1,3,5
2020-10-08,,,13,1,3,9
2020-10-09,,,12,1,3,4
2020-10-10,,,16,1,3,2
2020-10-11,,,26,1,3,1
2020-10-12,,,28,1,3,5
2020-10-13,,,11,1,3,10
2020-10-14,,,17,1,3,11
2020-10-15,,,25,1,3,5
2020-10-16,,,19,1,3,11
2020-10-17,,,7,1,3,3
2020-10-18,,,9,1,3,6
2020-10-19,,,11,1,3,9
2020-10-20,,,13,1,3,6
2020-10-21,,,24,1,3,1
2020-10-22,,,37,1,3,3
2020-10-23,,,42,,3,7
2020-10-24,,,41,1,3,5
2020-10-25,,,72,1,3,14
2020-10-26,,,47,1,3,8
2020-10-27,,,66,1,3,1
2020-10-28,,,42,,,
2020-10-29,,,,,,
2020-10-30,,,,2,3,5
2020-10-31,,,10,2,3,3
2020-11-01,,,18,1,3,3
2020-11-02,,,20,1,3,4
2020-11-03,,,29,,3,5
2020-11-04,,,36,,3,3
2020-11-05,,,28,,3,4
2020-11-06,,,22,,,
2020-11-07,,,,,,
2020-11-08,,,,,,
2020-11-09,,,,,,
2020-11-10,,,,,,
2020-11-11,,,,,,
2020-11-12,,,,,,
2020-11-13,,,,,,
2020-11-14,,,,2,3,1
2020-11-15,,,29,1,3,4
2020-11-16,,,24,1,3,6
2020-11-17,,,10,1,3,7
2020-11-18,,,11,1,3,4
2020-11-19,,,10,1,3,6
2020-11-20,,,10,1,3,5
2020-11-21,,,7,1,3,7
2020-11-22,,,7,1,3,3
2020-11-23,,,8,1,3,4
2020-11-24,,,9,1,3,3
2020-11-25,,,11,1,3,4
2020-11-26,,,16,1,3,6
2020-11-27,,,12,1,3,3
2020-11-28,,,20,1,3,2
2020-11-29,,,22,1,3,2
2020-11-30,,,24,1,3,2
2020-12-01,,,23,1,3,3
2020-12-02,,,21,1,3,4
2020-12-03,,,21,1,3,5
2020-12-04,,,23,1,3,3
2020-12-05,,,29,1,3,3
2020-12-06,,,26,1,3,26
2020-12-07,,,24,1,3,6
2020-12-08,,,22,1,3,5
2020-12-09,,,29,1,4,6
2020-12-10,,,26,1,4,7
2020-12-11,,,21,1,4,5
2020-12-12,,,20,1,4,5
2020-12-13,,,14,1,4,11
2020-12-14,,,11,1,3,7
2020-12-15,,,10,1,4,5
2020-12-16,,,15,1,4,3
2020-12-17,,,20,1,4,3
2020-12-18,,,14,1,4,3
2020-12-19,,,20,1,4,3
2020-12-20,,,14,1,4,3
2020-12-21,,,15,1,4,4
2020-12-22,,,26,1,4,7
2020-12-23,,,26,1,4,5
2020-12-24,,,29,1,5,6
2020-12-25,,,27,1,5,8
2020-12-26,,,19,1,5,5
2020-12-27,,,20,2,5,10
2020-12-28,,,25,1,5,9
2020-12-29,,,20,1,5,8
2020-12-30,,,22,1,4,3
2020-12-31,,,43,1,5,4
2021-01-01,,,44,1,5,2
2021-01-02,,,45,,,3
2021-01-03,,,35,,,4
2021-01-04,,,25,,,
2021-01-05,,,36,,5,5
2021-01-06,,,34,,5,7
2021-01-07,,,30,,5,5
2021-01-08,,,33,,5,4
2021-01-09,,,107,,5,5
2021-01-10,,,36,,5,4
2021-01-11,,,21,,5,4
2021-01-12,,,31,,5,2
2021-01-13,,,32,,5,6
2021-01-14,,,31,,5,10
2021-01-15,,,26,,6,11
2021-01-16,,,28,,5,14
2021-01-17,,,34,,6,7
2021-01-18,,,49,,5,3
2021-01-19,,,82,,5,3
2021-01-20,,,46,,5,6
2021-01-21,,,46,,6,5
2021-01-22,,,42,2,5,3
2021-01-23,,,33,1,5,2
2021-01-24,,,42,1,5,3
2021-01-25,,,34,1,6,5
2021-01-26,,,31,1,6,7
2021-01-27,,,27,1,6,5
2021-01-28,,,21,1,6,8
2021-01-29,,,31,1,6,7
2021-01-30,,,55,1,6,9
2021-01-31,,,34,1,6,9
2021-02-01,,,24,1,6,7
2021-02-02,,,22,1,6,7
2021-02-03,,,23,1,6,6
2021-02-04,,,24,1,6,6
2021-02-05,,,35,1,5,5
2021-02-06,,,33,1,5,7
2021-02-07,,,23,1,6,8
2021-02-08,,,23,1,6,6
2021-02-09,,,19,1,5,5
2021-02-10,,,24,1,5,4
2021-02-11,,,35,1,6,3
2021-02-12,,,39,1,6,3
2021-02-13,,,43,1,6,2
2021-02-14,,,38,1,6,3
2021-02-15,,,34,1,6,4
2021-02-16,,,35,1,6,3
2021-02-17,,,35,1,6,4
2021-02-18,,,30,1,6,3
2021-02-19,,,37,1,6,4
2021-02-20,,,38,1,6,4
2021-02-21,,,36,1,6,5
2021-02-22,,,34,1,6,4
2021-02-23,,,35,1,6,5
2021-02-24,,,32,1,6,4
2021-02-25,,,41,1,6,4
2021-02-26,,,27,1,6,4
2021-02-27,,,29,1,6,4
2021-02-28,,,24,,6,4
2021-03-01,,,16,,6,2
2021-03-02,,,16,,6,4
2021-03-03,,,14,,6,4
2021-03-04,,,16,,7,4
2021-03-05,,,,,,
2021-03-06,,,,,,
2021-03-07,,,,,,
2021-03-08,,,,,,
2021-03-09,,,,,,
2021-03-10,,,,,,
2021-03-11,,,,10,12,3
2021-03-12,,,,10,12,5
2021-03-13,,,,10,18,6
2021-03-14,,,,10,18,6
2021-03-15,,,,10,16,4
2021-03-16,,,,10,18,4
2021-03-17,,,,10,16,4
2021-03-18,,,,10,18,4
2021-03-19,,,,10,22,5
2021-03-20,,,,10,20,4
2021-03-21,,,,10,19,3
2021-03-22,,,,10,17,2
2021-03-23,,,,10,17,3
2021-03-24,,39,,10,16,7
2021-03-25,59,47,34,10,17,5
2021-03-26,77,24,22,10,19,7
2021-03-27,36,29,17,10,19,3
2021-03-28,45,36,19,10,19,3
2021-03-29,58,43,22,10,19,3
2021-03-30,71,43,21,10,20,4
2021-03-31,73,46,19,10,19,5
2021-04-01,76,43,19,10,19,4
2021-04-02,67,43,16,10,20,4
2021-04-03,68,32,30,10,20,5
2021-04-04,55,22,15,10,21,4
2021-04-05,38,31,15,10,21,3
2021-04-06,47,40,20,10,23,6
2021-04-07,59,46,22,10,20,5
2021-04-08,73,39,22,10,20,4
2021-04-09,60,40,22,10,20,6
2021-04-10,61,33,19,10,21,4
2021-04-11,53,38,21,10,21,4
2021-04-12,54,39,20,10,21,4
2021-04-13,57,25,18,11,21,2
2021-04-14,38,24,18,10,22,4
2021-04-15,37,25,19,10,21,3
2021-04-16,39,28,20,10,21,3
2021-04-17,44,16,17,10,21,3
2021-04-18,26,27,22,10,23,5
2021-04-19,39,32,23,10,22,5
2021-04-20,45,40,25,10,22,5
2021-04-21,56,36,21,10,22,2
2021-04-22,53,34,18,10,22,3
2021-04-23,50,35,20,10,23,3
2021-04-24,52,41,27,10,23,4
2021-04-25,66,36,24,10,23,3
2021-04-26,58,31,18,10,23,3
2021-04-27,50,23,29,10,22,4
2021-04-28,32,34,21,10,23,6
2021-04-29,49,36,17,10,24,5
2021-04-30,51,,,,,
2021-05-01,,,,,,
2021-05-02,,,,,,
2021-05-03,,18,16,10,23,2
2021-05-04,28,33,20,10,24,3
2021-05-05,52,33,14,10,23,1
2021-05-06,58,,,,,
2021-05-07,,,,,,
2021-05-08,,,,,,
2021-05-09,,,,,,
2021-05-10,,,,,,
2021-05-11,,,,,,
2021-05-12,,,,,,
2021-05-13,,,,,,
2021-05-14,,,,,,
2021-05-15,,,,,,
2021-05-16,,,,,,
2021-05-17,,,,,,
2021-05-18,,,,,,
2021-05-19,,17,11,10,27,2
2021-05-20,25,25,24,10,27,2
2021-05-21,33,27,24,10,27,2
2021-05-22,37,26,29,10,27,3
2021-05-23,33,22,26,10,26,1
2021-05-24,33,16,20,10,24,2
2021-05-25,26,16,23,10,25,2
2021-05-26,25,14,22,10,25,2
2021-05-27,20,17,22,10,25,3
2021-05-28,24,31,29,10,25,2
2021-05-29,44,29,26,10,26,3
2021-05-30,43,29,30,10,24,3
2021-05-31,44,32,29,10,23,3
2021-06-01,43,36,33,10,23,4
2021-06-02,44,35,32,10,23,4
2021-06-03,46,41,28,10,25,4
2021-06-04,50,42,27,10,25,4
2021-06-05,44,26,23,10,26,4
2021-06-06,37,34,26,10,26,4
2021-06-07,43,,26,10,27,3
2021-06-08,,,19,10,27,4
2021-06-09,,,19,10,28,5
2021-06-10,,,19,10,28,5
2021-06-11,,,22,10,28,5
2021-06-12,,,83,10,30,6
2021-06-13,,,63,10,28,5
2021-06-14,,,59,10,30,4
2021-06-15,,,18,10,27,4
2021-06-16,,,,,,
2021-06-17,,,8,11,27,4
2021-06-18,,,21,10,25,2
2021-06-19,,,26,10,30,4
2021-06-20,,,25,10,29,2
2021-06-21,,,26,10,31,3
2021-06-22,,,30,10,30,3
2021-06-23,,,25,10,31,2
2021-06-24,,,24,10,30,4
2021-06-25,,25,23,10,31,3
2021-06-26,24,26,24,10,31,3
2021-06-27,32,29,24,10,35,4
2021-06-28,37,19,22,10,31,3
2021-06-29,22,25,25,10,31,3
2021-06-30,28,21,27,10,29,3
2021-07-01,26,26,24,10,29,4
2021-07-02,29,24,26,10,29,3
2021-07-03,30,29,24,10,31,3
2021-07-04,31,24,29,10,31,2
2021-07-05,31,25,25,10,30,3
2021-07-06,32,24,11,10,28,5
2021-07-07,38,27,18,10,27,5
2021-07-08,41,20,23,10,27,2
2021-07-09,32,15,18,10,27,1
2021-07-10,22,9,16,10,26,1
2021-07-11,14,10,13,10,26,2
2021-07-12,15,19,15,10,27,2
2021-07-13,30,18,17,10,28,2
2021-07-14,28,17,17,10,29,2
2021-07-15,25,14,15,10,28,3
2021-07-16,22,13,17,10,28,2
2021-07-17,20,21,26,10,28,3
2021-07-18,28,21,19,10,29,3
2021-07-19,28,19,22,10,29,2
2021-07-20,23,18,18,10,31,2
2021-07-21,17,19,20,10,30,3
2021-07-22,19,20,18,10,30,3
2021-07-23,23,19,14,10,30,3
2021-07-24,19,16,11,10,31,1
2021-07-25,10,11,17,10,32,1
2021-07-26,8,12,20,10,32,1
2021-07-27,12,22,21,10,30,2
2021-07-28,26,26,22,10,32,2
2021-07-29,30,20,20,10,32,1
2021-07-30,21,23,19,10,30,2
2021-07-31,27,20,19,10,31,1
2021-08-01,23,19,18,10,29,1
2021-08-02,18,18,16,10,32,1
2021-08-03,21,19,16,10,30,1
2021-08-04,20,24,17,10,30,1
2021-08-05,23,28,21,10,32,1
2021-08-06,32,22,17,10,30,1
2021-08-07,25,20,22,10,29,1
2021-08-08,25,18,22,10,31,1
2021-08-09,26,22,20,10,30,1
2021-08-10,31,23,24,10,29,1
2021-08-11,32,22,17,10,30,1
2021-08-12,26,12,18,10,32,1
2021-08-13,17,10,19,10,31,1
2021-08-14,13,10,13,10,32,1
2021-08-15,13,7,23,10,33,1
2021-08-16,10,11,17,10,33,1
2021-08-17,16,11,26,10,33,1
2021-08-18,17,12,29,10,33,1
2021-08-19,20,14,28,10,33,1
2021-08-20,22,14,195,10,32,1
2021-08-21,24,14,25,10,32,1
2021-08-22,25,16,27,10,34,1
2021-08-23,26,15,22,10,33,1
2021-08-24,21,9,28,10,32,1
2021-08-25,14,12,27,10,33,1
2021-08-26,20,14,21,10,35,1
2021-08-27,22,9,20,10,35,1
2021-08-28,17,6,15,10,34,1
2021-08-29,10,6,12,10,33,
2021-08-30,10,8,16,10,34,1
2021-08-31,13,13,14,10,33,1
2021-09-01,20,13,17,10,35,1
2021-09-02,21,14,21,10,34,1
2021-09-03,22,14,18,10,35,1
2021-09-04,21,14,20,10,35,1
2021-09-05,20,8,21,10,35,1
2021-09-06,12,5,12,10,35,1
2021-09-07,9,6,9,10,35,1
2021-09-08,10,9,16,10,34,1
2021-09-09,14,9,12,10,35,2
2021-09-10,14,17,13,10,35,2
2021-09-11,26,9,16,10,34,2
2021-09-12,17,7,11,10,33,1
2021-09-13,13,5,11,10,33,1
2021-09-14,10,17,18,10,34,2
2021-09-15,28,13,16,10,35,1
2021-09-16,18,14,18,10,36,1
2021-09-17,21,19,24,10,35,1
2021-09-18,27,19,22,10,35,1
2021-09-19,32,16,11,10,35,1
2021-09-20,26,11,11,10,34,2
2021-09-21,17,8,13,10,35,2
2021-09-22,13,10,16,10,36,2
2021-09-23,16,14,11,10,35,6
2021-09-24,23,11,14,10,36,1
2021-09-25,15,14,16,10,34,2
2021-09-26,21,11,15,10,36,1
2021-09-27,17,19,15,10,37,2
2021-09-28,28,22,20,10,35,1
2021-09-29,34,22,15,10,37,2
2021-09-30,36,30,20,10,37,2
2021-10-01,46,27,22,10,37,3
2021-10-02,43,27,26,10,37,2
2021-10-03,44,20,15,10,36,2
2021-10-04,30,16,18,10,37,2
2021-10-05,25,17,20,10,37,2
2021-10-06,25,9,20,10,36,1
2021-10-07,16,16,24,10,37,7
2021-10-08,28,21,24,10,36,4
2021-10-09,38,37,35,10,35,5
2021-10-10,64,39,25,10,35,4
2021-10-11,64,31,16,10,35,3
2021-10-12,51,22,27,10,37,3
2021-10-13,36,19,26,10,37,4
2021-10-14,28,21,21,10,42,5
2021-10-15,28,21,19,10,36,2
2021-10-16,32,7,20,10,36,4
2021-10-17,12,7,21,10,35,1
2021-10-18,12,1,19,10,22,4
2021-10-19,3,6,18,18,11,5
2021-10-20,9,25,30,12,12,3
2021-10-21,36,28,21,17,12,4
2021-10-22,38,17,18,16,12,3
2021-10-23,25,7,139,16,,4
2021-10-24,11,17,37,13,,1
2021-10-25,29,21,39,15,,3
2021-10-26,36,28,46,15,,3
2021-10-27,47,15,33,15,,2
2021-10-28,25,16,11,17,43,5
2021-10-29,23,23,22,17,12,5
2021-10-30,35,12,19,18,12,26
2021-10-31,18,15,17,17,12,3
2021-11-01,23,23,18,20,12,9
2021-11-02,35,30,18,19,12,6
2021-11-03,43,27,22,16,12,3
2021-11-04,38,25,18,17,12,4
2021-11-05,35,35,18,18,12,5
2021-11-06,46,35,19,15,12,4
2021-11-07,49,27,19,11,12,2
2021-11-08,38,17,30,11,,1
2021-11-09,28,7,26,11,,1
2021-11-10,11,,,,,
2021-11-11,,,,,,
2021-11-12,,,,,,
2021-11-13,,,,,,
2021-11-14,,,,,,
2021-11-15,,,,,,
2021-11-16,,,,,,
2021-11-17,,,,,,
2021-11-18,,,,,,
2021-11-19,,47,31,12,12,7
2021-11-20,73,49,28,11,12,5
2021-11-21,79,35,20,11,12,6
2021-11-22,51,28,21,11,12,3
2021-11-23,41,23,34,11,12,2
2021-11-24,36,11,28,11,12,4
2021-11-25,17,14,29,11,12,4
2021-11-26,20,29,49,12,12,3
2021-11-27,46,39,82,12,12,2
2021-11-28,65,20,46,11,12,1
2021-11-29,36,21,59,12,12,1
2021-11-30,37,42,77,11,12,2
2021-12-01,71,47,41,12,12,5
2021-12-02,91,37,46,12,12,4
2021-12-03,58,46,50,12,12,5
2021-12-04,69,47,72,12,12,3
2021-12-05,61,44,71,12,12,4
2021-12-06,57,46,64,11,12,4
2021-12-07,66,47,50,11,12,5
2021-12-08,69,27,46,12,12,5
2021-12-09,40,39,30,12,12,6
2021-12-10,57,60,37,11,12,9
2021-12-11,94,47,38,11,12,5
2021-12-12,77,29,36,11,12,3
2021-12-13,41,50,70,12,12,3
2021-12-14,86,45,40,12,12,7
2021-12-15,75,39,34,12,12,7
2021-12-16,63,43,45,11,12,9
2021-12-17,66,29,32,11,12,2
2021-12-18,45,40,44,11,12,3
2021-12-19,64,22,43,12,12,2
2021-12-20,41,20,42,11,12,3
2021-12-21,34,30,38,11,12,4
2021-12-22,51,21,37,12,12,4
2021-12-23,34,48,37,12,12,6
2021-12-24,85,50,35,12,12,6
2021-12-25,90,29,30,12,12,4
2021-12-26,49,22,33,11,12,3
2021-12-27,34,5,29,12,12,2
2021-12-28,10,4,23,12,12,4
2021-12-29,8,10,26,11,12,4
2021-12-30,15,30,44,12,12,4
2021-12-31,47,34,42,12,12,5
2022-01-01,53,34,35,12,12,4
2022-01-02,51,30,39,12,,2
2022-01-03,46,38,39,12,12,3
2022-01-04,58,38,35,12,12,3
2022-01-05,62,33,30,12,12,5
2022-01-06,51,29,28,12,12,6
2022-01-07,45,37,32,12,12,5
2022-01-08,52,31,23,12,12,12
2022-01-09,48,27,26,11,12,7
2022-01-10,42,28,29,12,12,5
2022-01-11,38,25,25,12,12,6
2022-01-12,36,14,31,12,12,4
2022-01-13,23,38,86,12,12,7
2022-01-14,59,49,37,12,12,8
2022-01-15,76,55,38,11,12,8
2022-01-16,90,54,32,11,12,8
2022-01-17,87,44,22,12,16,9
2022-01-18,68,13,26,12,12,3
2022-01-19,21,18,24,12,12,10
2022-01-20,29,32,42,12,12,6
2022-01-21,46,40,26,11,12,12
2022-01-22,68,49,32,12,12,9
2022-01-23,75,49,33,11,12,9
2022-01-24,78,53,32,11,12,10
2022-01-25,87,50,28,12,12,6
2022-01-26,88,44,21,12,12,8
2022-01-27,76,35,23,11,12,7
2022-01-28,53,37,23,12,12,7
2022-01-29,57,27,27,11,12,6
2022-01-30,44,11,26,11,12,3
2022-01-31,17,12,20,11,12,5
2022-02-01,22,4,22,11,12,3
2022-02-02,8,7,23,11,12,3
2022-02-03,12,4,21,12,12,3
2022-02-04,6,3,24,12,12,4
2022-02-05,5,5,23,12,12,4
2022-02-06,7,19,30,12,12,5
2022-02-07,29,32,28,11,12,5
2022-02-08,51,38,20,11,12,4
2022-02-09,59,26,22,12,12,3
2022-02-10,40,21,26,12,12,4
2022-02-11,31,28,26,12,12,6
2022-02-12,44,22,26,12,12,1
2022-02-13,33,22,26,12,12,
2022-02-14,33,5,22,11,12,
2022-02-15,8,13,27,12,12,
2022-02-16,21,29,28,12,12,1
2022-02-17,47,35,30,11,12,
2022-02-18,56,28,27,11,12,1
2022-02-19,44,33,24,11,12,
2022-02-20,53,3,23,12,12,
2022-02-21,4,6,24,11,12,
2022-02-22,7,7,29,12,12,
2022-02-23,8,5,115,11,12,
2022-02-24,7,4,57,12,12,
2022-02-25,5,,32,12,12,
2022-02-26,,,38,12,12,
2022-02-27,,,222,11,12,
2022-02-28,,,38,11,12,
2022-03-01,,,177,11,12,
2022-03-02,,,310,11,12,
2022-03-03,,,25,11,12,
2022-03-04,,,27,12,12,
2022-03-05,,,18,12,12,
2022-03-06,,,20,11,12,
2022-03-07,,,20,11,12,
2022-03-08,,,112,11,12,
2022-03-09,,,46,12,12,
2022-03-10,,,351,11,12,
2022-03-11,,,306,11,12,
2022-03-12,,,155,11,12,
2022-03-13,,,55,11,12,
2022-03-14,,,23,11,12,
2022-03-15,,,22,11,12,
2022-03-16,,,21,12,12,
2022-03-17,,,248,11,12,
2022-03-18,,,201,11,12,
2022-03-19,,,38,12,12,1
2022-03-20,,,70,11,12,
2022-03-21,,,127,11,12,
2022-03-22,,,145,11,12,1
2022-03-23,,,259,11,12,
2022-03-24,,,196,11,12,
2022-03-25,,10,326,11,12,
2022-03-26,11,,183,12,13,
2022-03-27,,,,,,
2022-03-28,,,,,,
2022-03-29,,,,,,
2022-03-30,,,33,11,12,
2022-03-31,,,18,11,12,
2022-04-01,,,21,11,12,
2022-04-02,,,41,11,12,
2022-04-03,,,36,11,12,
2022-04-04,,,36,12,12,
2022-04-05,,,311,11,12,
2022-04-06,,,500,11,12,
2022-04-07,,,66,11,12,
2022-04-08,,,110,12,12,
2022-04-09,,,91,11,12,
2022-04-10,,,252,11,12,
2022-04-11,,,238,11,12,
2022-04-12,,,186,11,12,
2022-04-13,,,155,11,12,
2022-04-14,,,466,11,12,
2022-04-15,,,389,11,12,
2022-04-16,,,167,11,12,
2022-04-17,,,500,11,12,
2022-04-18,,,481,11,12,
2022-04-19,,,190,11,12,
2022-04-20,,,194,11,12,
2022-04-21,,,43,12,12,
2022-04-22,,,500,11,12,
2022-04-23,,,132,11,12,
2022-04-24,,,43,11,12,
2022-04-25,,,101,11,13,
2022-04-26,,,45,11,12,
2022-04-27,,,30,12,12,
2022-04-28,,,110,12,12,
2022-04-29,,,36,12,12,
2022-04-30,,,51,11,12,
2022-05-01,,,29,11,12,
2022-05-02,,,21,11,12,
2022-05-03,,,58,11,12,
2022-05-04,,,38,11,12,
2022-05-05,,,42,11,12,
2022-05-06,,,44,11,12,
2022-05-07,,,134,11,12,
2022-05-08,,,76,11,12,
2022-05-09,,,24,12,12,
2022-05-10,,,20,11,12,
2022-05-11,,,21,11,12,
2022-05-12,,,38,11,13,
2022-05-13,,,34,11,12,
2022-05-14,,,30,12,12,
2022-05-15,,,31,11,13,
2022-05-16,,,137,11,13,
2022-05-17,,,500,11,13,
2022-05-18,,,500,11,13,
2022-05-19,,,500,14,13,
2022-05-20,,,241,12,12,
2022-05-21,,,46,11,13,
2022-05-22,,,145,12,13,
2022-05-23,,,145,11,13,
2022-05-24,,,210,11,13,
2022-05-25,,,274,11,13,
2022-05-26,,,237,11,13,
2022-05-27,,,298,11,13,
2022-05-28,,,446,11,13,
2022-05-29,,,500,12,13,
2022-05-30,,,500,11,13,
2022-05-31,,,480,11,13,
2022-06-01,,,467,11,13,
2022-06-02,,,376,11,13,
2022-06-03,,,291,11,13,
2022-06-04,,,364,11,13,
2022-06-05,,,322,11,13,
2022-06-06,,,295,11,13,
2022-06-07,,,500,12,13,
2022-06-08,,,379,11,13,
2022-06-09,,,268,11,13,
2022-06-10,,,330,11,13,
2022-06-11,,,357,11,13,
2022-06-12,,,464,11,13,
2022-06-13,,,347,11,13,
2022-06-14,,,113,11,13,
2022-06-15,,,336,11,13,
2022-06-16,,,137,11,13,
2022-06-17,,,279,11,13,
2022-06-18,,,135,11,13,
2022-06-19,,,355,11,13,
2022-06-20,,,210,11,13,
2022-06-21,,,153,11,13,
2022-06-22,,,147,11,13,
2022-06-23,,,114,11,13,
2022-06-24,,,401,11,13,
2022-06-25,,,82,11,13,
2022-06-26,,,51,11,13,
2022-06-27,,,52,11,13,
2022-06-28,,,66,11,13,
2022-06-29,,,48,11,13,
2022-06-30,,,51,11,13,
2022-07-01,,,72,11,13,
2022-07-02,,,35,11,13,
2022-07-03,,,25,11,13,
2022-07-04,,,31,19,13,
2022-07-05,,,35,12,13,
2022-07-06,,,30,11,13,
2022-07-07,,,23,11,13,
2022-07-08,,,19,11,13,
2022-07-09,,,26,11,13,
2022-07-10,,,17,11,13,
2022-07-11,,,14,11,13,5
2022-07-12,,,15,11,13,4
2022-07-13,,,14,11,13,4
2022-07-14,,,13,11,13,3
2022-07-15,,,13,11,13,3
2022-07-16,,,17,11,13,3
2022-07-17,,,18,11,13,2
2022-07-18,,,16,11,13,5
2022-07-19,,,24,11,13,3
2022-07-20,,,19,11,13,5
2022-07-21,,,16,11,13,3
2022-07-22,,,19,11,13,2
2022-07-23,,,18,11,13,2
2022-07-24,,,19,11,13,2
2022-07-25,,,19,11,13,3
2022-07-26,,,18,11,13,4
2022-07-27,,,20,11,13,3
2022-07-28,,,23,11,13,5
2022-07-29,,,23,11,13,3
2022-07-30,,,20,11,13,4
2022-07-31,,,21,11,13,4
2022-08-01,,,23,11,13,5
2022-08-02,,,20,11,13,7
2022-08-03,,,19,11,13,4
2022-08-04,,,17,11,13,5
2022-08-05,,,17,11,13,9
2022-08-06,,,17,11,13,4
2022-08-07,,,14,11,13,2
2022-08-08,,,17,11,13,16
2022-08-09,,,6,11,13,9
2022-08-10,,,7,11,13,11
2022-08-11,,,15,11,13,8
2022-08-12,,,9,11,13,5
2022-08-13,,,12,11,13,5
2022-08-14,,,16,11,13,2
2022-08-15,,,18,11,13,3
2022-08-16,,,21,11,13,6
2022-08-17,,,17,11,13,5
2022-08-18,,,17,11,13,4
2022-08-19,,,19,11,13,8
2022-08-20,,,12,11,13,8
2022-08-21,,,13,11,13,3
2022-08-22,,,17,11,13,4
2022-08-23,,,17,11,13,3
2022-08-24,,,12,11,13,4
2022-08-25,,,20,11,13,6
2022-08-26,,,13,11,13,5
2022-08-27,,,14,11,13,3
2022-08-28,,,14,11,13,2
2022-08-29,,,18,11,13,3
2022-08-30,,,13,11,13,4
2022-08-31,,,15,11,13,4
2022-09-01,,,18,11,13,3
2022-09-02,,,18,11,13,2
2022-09-03,,,20,11,13,1
2022-09-04,,,27,11,13,3
2022-09-05,,,22,11,13,3
2022-09-06,,,32,11,13,3
2022-09-07,,,34,11,13,9
2022-09-08,,,20,11,13,4
2022-09-09,,,18,11,13,5
2022-09-10,,,14,11,13,5
2022-09-11,,,20,11,13,3
2022-09-12,,,30,11,13,5
2022-09-13,,,19,11,13,6
2022-09-14,,,19,11,13,5
2022-09-15,,,18,11,13,4
2022-09-16,,,16,11,13,5
2022-09-17,,,18,11,13,5
2022-09-18,,,23,11,13,3
2022-09-19,,,19,11,13,4
2022-09-20,,,18,11,13,5
2022-09-21,,,19,11,13,8
2022-09-22,,,14,11,13,4
2022-09-23,,,12,11,13,11
2022-09-24,,,11,11,13,10
2022-09-25,,,11,11,13,
2022-09-26,,,15,11,13,1
2022-09-27,,,17,11,13,
2022-09-28,,,28,13,13,
2022-09-29,,,9,11,13,
2022-09-30,,,17,11,13,13
2022-10-01,,,19,11,13,13
2022-10-02,,,13,11,13,
2022-10-03,,,14,11,13,
2022-10-04,,,11,11,13,
2022-10-05,,,8,11,13,
2022-10-06,,,10,11,13,
2022-10-07,,,11,11,13,
2022-10-08,,,13,11,13,
2022-10-09,,,12,11,13,
2022-10-10,,,10,11,13,
2022-10-11,,,29,11,13,
2022-10-12,,,33,11,13,
2022-10-13,,,38,11,13,13
2022-10-14,,,47,11,13,
2022-10-15,,,39,11,13,13
2022-10-16,,,22,11,13,
2022-10-17,,,48,11,13,
2022-10-18,,,45,11,13,
2022-10-19,,,50,11,13,
2022-10-20,,,38,11,13,
2022-10-21,,,29,11,13,
2022-10-22,,,24,11,13,
2022-10-23,,,32,11,13,
2022-10-24,,,39,11,13,
2022-10-25,,,41,11,13,
2022-10-26,,,22,11,13,
2022-10-27,,,17,11,13,
2022-10-28,,,21,11,13,
2022-10-29,,,29,11,13,
2022-10-30,,,35,11,13,
2022-10-31,,,39,11,13,
2022-11-01,,,33,11,13,
2022-11-02,,,34,11,13,
2022-11-03,,,37,11,13,
2022-11-04,,,41,11,13,
2022-11-05,,,41,11,13,
2022-11-06,,,29,11,13,
2022-11-07,,,29,11,13,
2022-11-08,,,30,11,13,
2022-11-09,,,27,11,13,
2022-11-10,,,26,11,13,
2022-11-11,,,16,11,13,
2022-11-12,,,15,11,14,
2022-11-13,,,15,11,13,
2022-11-14,,,15,11,13,
2022-11-15,,,14,11,13,
2022-11-16,,,17,11,13,
2022-11-17,,,15,11,13,
2022-11-18,,,15,11,13,
2022-11-19,,,14,11,13,
2022-11-20,,,17,11,13,
2022-11-21,,,24,11,13,
2022-11-22,,,18,11,13,
2022-11-23,,,16,11,13,
2022-11-24,,,17,11,13,
2022-11-25,,,17,11,13,
2022-11-26,,,15,11,13,
2022-11-27,,,13,11,13,
2022-11-28,,,17,11,13,
2022-11-29,,,17,11,13,
2022-11-30,,,19,11,13,
2022-12-01,,,18,11,13,
2022-12-02,,,19,11,13,
2022-12-03,,,21,11,13,
2022-12-04,,,17,11,13,
2022-12-05,,,25,11,13,
2022-12-06,,,202,11,13,
2022-12-07,,,50,11,13,
2022-12-08,,,21,11,13,
2022-12-09,,,21,11,13,
2022-12-10,,,12,11,13,
2022-12-11,,,24,11,13,
2022-12-12,,,14,11,13,
2022-12-13,,,33,11,13,
2022-12-14,,,34,11,13,
2022-12-15,,,33,11,13,
2022-12-16,,,31,11,13,
2022-12-17,,,27,11,13,
2022-12-18,,,25,11,13,
2022-12-19,,,22,11,13,
2022-12-20,,,20,11,13,
2022-12-21,,,48,11,13,
2022-12-22,,,109,11,13,
2022-12-23,,,147,11,13,
2022-12-24,,,85,11,13,
2022-12-25,,,31,11,13,
2022-12-26,,,31,11,13,
2022-12-27,,,26,11,13,
2022-12-28,,,24,11,13,29
2022-12-29,,,25,11,13,29
2022-12-30,,,32,11,13,
2022-12-31,,,24,11,13,
2023-01-01,,,32,11,13,
2023-01-02,,,26,,,
2023-01-03,,,23,11,13,
2023-01-04,,,18,11,13,
2023-01-05,,,19,11,13,
2023-01-06,,,18,11,13,
2023-01-07,,,26,11,13,
2023-01-08,,,20,11,13,
2023-01-09,,,26,11,13,
2023-01-10,,,22,11,13,
2023-01-11,,,22,11,14,
2023-01-12,,,23,11,13,
2023-01-13,,,19,11,13,
2023-01-14,,,,,,
2023-01-15,,,,,,
2023-01-16,,,,,,
2023-01-17,,,,,,
2023-01-18,,,,,,
2023-01-19,,,,,,
2023-01-20,,,,,,
2023-01-21,,,21,11,13,6
2023-01-22,,,23,11,13,6
2023-01-23,,,23,11,13,
2023-01-24,,,15,11,13,
2023-01-25,,,19,11,13,
2023-01-26,,,20,11,13,
2023-01-27,,,22,11,13,
2023-01-28,,,22,11,13,
2023-01-29,,,19,11,13,
2023-01-30,,,29,11,,
2023-01-31,,,24,11,13,
2023-02-01,,,30,11,13,
2023-02-02,,,22,11,13,
2023-02-03,,,11,11,13,
2023-02-04,,,,,,
2023-02-05,,,,,,
2023-02-06,,,,,,
2023-02-07,,,,,,
2023-02-08,,,,,,
2023-02-09,,,,,,
2023-02-10,,,,,,
2023-02-11,,,13,11,13,
2023-02-12,,,17,11,13,
2023-02-13,,,18,11,13,
2023-02-14,,,18,11,14,
2023-02-15,,,21,11,13,
2023-02-16,,,27,11,13,
2023-02-17,,,32,11,13,
2023-02-18,,,29,11,13,
2023-02-19,,,27,11,14,
2023-02-20,,,26,11,13,
2023-02-21,,,28,11,13,
2023-02-22,,,34,11,13,
2023-02-23,,,25,11,13,
2023-02-24,,,24,11,13,
2023-02-25,,,25,11,13,
2023-02-26,,,44,11,13,
2023-02-27,,,40,11,13,
2023-02-28,,,37,11,13,
2023-03-01,,,21,11,13,
2023-03-02,,,24,11,13,
2023-03-03,,,34,11,13,
2023-03-04,,,32,11,13,
2023-03-05,,,31,11,13,
2023-03-06,,,51,11,13,
2023-03-07,,,35,11,13,
2023-03-08,,,27,11,13,
2023-03-09,,,22,11,13,
2023-03-10,,,24,11,13,
2023-03-11,,,25,11,13,
2023-03-12,,,24,11,13,
2023-03-13,,,26,11,13,
2023-03-14,,,64,11,13,
2023-03-15,,,30,11,13,
2023-03-16,,,28,11,13,
2023-03-17,,,24,11,14,
2023-03-18,,,29,11,14,
2023-03-19,,,27,11,14,
2023-03-20,,,20,11,14,
2023-03-21,,,28,11,14,
2023-03-22,,,62,11,14,
2023-03-23,,,46,11,14,
2023-03-24,,,34,11,14,
2023-03-25,,,23,11,14,
2023-03-26,,,25,11,14,
2023-03-27,,,25,11,14,
2023-03-28,,,24,11,14,
2023-03-29,,,21,11,14,
2023-03-30,,,39,11,14,
2023-03-31,,18,33,11,14,
2023-04-01,26,29,19,12,13,5
2023-04-02,43,8,24,14,12,1
2023-04-03,12,,22,13,12,1
2023-04-04,,,28,12,12,2
2023-04-05,,,29,16,12,2
2023-04-06,,,25,16,12,2
2023-04-07,,,26,16,12,2
2023-04-08,,,28,17,12,1
2023-04-09,,,34,17,12,1
2023-04-10,,37,34,17,12,1
2023-04-11,56,41,34,17,12,1
2023-04-12,61,31,24,17,12,1
2023-04-13,47,25,23,17,12,2
2023-04-14,37,29,25,16,12,1
2023-04-15,42,36,20,16,12,2
2023-04-16,55,28,27,16,12,1
2023-04-17,42,44,24,16,12,1
2023-04-18,66,44,31,16,12,1
2023-04-19,69,51,51,16,12,2
2023-04-20,85,54,91,16,12,3
2023-04-21,94,59,46,15,12,2
2023-04-22,105,43,39,16,12,2
2023-04-23,67,55,26,16,12,1
2023-04-24,86,49,30,16,12,1
2023-04-25,82,16,22,16,12,1
2023-04-26,25,20,30,15,12,1
2023-04-27,29,17,28,16,12,1
2023-04-28,25,20,27,16,12,1
2023-04-29,29,26,30,15,12,1
2023-04-30,38,17,41,15,12,1
2023-05-01,26,29,39,16,12,1
2023-05-02,43,17,26,15,12,1
2023-05-03,25,21,24,15,12,1
2023-05-04,31,21,31,15,12,1
2023-05-05,31,24,38,15,12,1
2023-05-06,34,26,40,15,12,1
2023-05-07,38,39,49,15,12,2
2023-05-08,59,18,79,16,12,1
2023-05-09,24,18,54,16,12,1
2023-05-10,25,13,52,16,12,1
2023-05-11,18,14,91,16,12,2
2023-05-12,20,14,25,16,12,3
2023-05-13,21,7,41,16,12,1
2023-05-14,10,10,42,16,12,1
2023-05-15,15,14,35,16,12,2
2023-05-16,21,14,30,15,12,2
2023-05-17,21,32,34,15,12,3
2023-05-18,47,44,42,15,12,3
2023-05-19,72,43,74,15,12,2
2023-05-20,67,36,43,15,12,2
2023-05-21,56,23,48,15,12,1
2023-05-22,35,26,69,15,12,2
2023-05-23,39,22,72,15,12,2
2023-05-24,33,19,47,15,12,2
2023-05-25,26,13,57,15,12,2
2023-05-26,19,12,51,15,12,1
2023-05-27,18,11,52,15,12,1
2023-05-28,17,8,39,16,12,1
2023-05-29,12,9,95,15,12,1
2023-05-30,13,10,66,15,12,1
2023-05-31,14,15,72,15,12,2
2023-06-01,21,13,66,15,12,2
2023-06-02,18,12,58,15,12,2
2023-06-03,17,18,41,15,12,2
2023-06-04,26,17,35,15,12,1
2023-06-05,25,17,42,15,12,1
2023-06-06,25,19,39,15,12,3
2023-06-07,29,7,31,15,12,2
2023-06-08,10,9,39,15,12,2
2023-06-09,13,13,33,15,12,2
2023-06-10,19,13,33,15,13,2
2023-06-11,20,11,32,16,12,2
2023-06-12,15,10,33,15,12,2
2023-06-13,15,14,35,16,12,2
2023-06-14,21,10,35,15,12,2
2023-06-15,14,7,27,15,12,1
2023-06-16,10,10,31,15,12,2
2023-06-17,14,9,33,15,12,2
2023-06-18,12,6,30,15,12,2
2023-06-19,8,9,45,16,12,2
2023-06-20,12,8,72,15,13,1
2023-06-21,11,9,88,15,12,2
2023-06-22,13,11,70,16,12,2
2023-06-23,16,12,49,15,12,2
2023-06-24,16,12,90,15,12,2
2023-06-25,16,12,69,15,12,1
2023-06-26,18,11,42,15,12,1
2023-06-27,16,11,33,15,12,1
2023-06-28,16,11,29,15,12,1
2023-06-29,17,14,34,15,13,2
2023-06-30,20,10,32,15,13,2
2023-07-01,14,11,35,16,13,2
2023-07-02,16,8,31,15,12,1
2023-07-03,10,7,34,15,12,1
2023-07-04,10,9,34,15,12,2
2023-07-05,12,10,37,15,12,1
2023-07-06,14,8,42,15,12,1
2023-07-07,10,9,115,15,12,1
2023-07-08,13,12,200,15,12,2
2023-07-09,17,11,267,15,13,1
2023-07-10,15,10,371,15,12,2
2023-07-11,14,10,500,15,12,1
2023-07-12,14,14,500,15,12,2
2023-07-13,19,11,500,15,13,2
2023-07-14,15,9,500,15,13,1
2023-07-15,13,13,438,15,12,4
2023-07-16,19,11,,15,13,2
2023-07-17,15,12,,15,12,4
2023-07-18,17,12,,15,12,2
2023-07-19,17,11,500,15,12,2
2023-07-20,15,10,500,15,12,2
2023-07-21,14,9,500,15,12,1
2023-07-22,13,7,500,15,12,2
2023-07-23,9,6,500,15,12,1
2023-07-24,9,6,500,15,12,1
2023-07-25,9,6,500,15,12,1
2023-07-26,9,5,500,15,12,1
2023-07-27,7,12,500,15,13,2
2023-07-28,16,11,500,15,12,2
2023-07-29,15,8,500,15,12,2
2023-07-30,11,7,500,15,12,2
2023-07-31,9,8,500,15,13,3
2023-08-01,11,13,500,15,13,2
2023-08-02,18,14,500,15,13,3
2023-08-03,18,17,500,15,13,3
2023-08-04,22,10,500,15,13,2
2023-08-05,13,11,500,15,13,2
2023-08-06,13,13,500,15,13,2
2023-08-07,16,11,500,15,13,2
2023-08-08,14,13,500,15,13,2
2023-08-09,17,14,500,15,13,2
2023-08-10,19,14,500,15,13,1
2023-08-11,18,18,500,15,13,2
2023-08-12,22,13,500,16,13,1
2023-08-13,18,11,24,15,13,1
2023-08-14,14,14,20,15,12,3
2023-08-15,18,18,32,15,16,2
2023-08-16,23,15,37,15,13,2
2023-08-17,20,14,19,15,13,1
2023-08-18,19,8,233,15,13,1
2023-08-19,12,11,264,15,13,1
2023-08-20,15,12,29,15,13,1
2023-08-21,18,11,26,15,13,2
2023-08-22,15,9,29,15,13,2
2023-08-23,12,9,30,15,12,2
2023-08-24,12,10,31,15,13,2
2023-08-25,14,12,27,15,13,2
2023-08-26,16,10,24,15,13,2
2023-08-27,15,10,29,15,13,1
2023-08-28,14,13,34,15,13,2
2023-08-29,18,12,48,15,13,2
2023-08-30,18,16,73,15,13,2
2023-08-31,24,13,68,15,13,2
2023-09-01,20,23,93,15,13,2
2023-09-02,37,28,105,15,13,2
2023-09-03,46,20,109,15,13,1
2023-09-04,33,13,82,15,12,1
2023-09-05,20,14,79,15,12,2
2023-09-06,22,11,37,15,13,2
2023-09-07,16,10,33,15,13,2
2023-09-08,15,11,31,15,13,3
2023-09-09,15,14,33,15,13,2
2023-09-10,21,8,31,15,13,2
2023-09-11,11,12,21,15,13,3
2023-09-12,16,17,23,15,13,3
2023-09-13,23,8,23,15,13,3
2023-09-14,10,11,23,15,18,2
2023-09-15,17,11,24,15,13,4
2023-09-16,17,10,22,15,13,2
2023-09-17,14,8,21,15,13,2
2023-09-18,13,10,25,15,13,3
2023-09-19,15,10,92,15,13,3
2023-09-20,15,12,89,15,13,2
2023-09-21,18,11,46,15,13,2
2023-09-22,16,15,37,15,13,2
2023-09-23,21,10,24,15,13,3
2023-09-24,14,10,21,15,13,4
2023-09-25,14,5,17,16,13,3
2023-09-26,7,9,5,15,13,4
2023-09-27,13,9,5,15,13,3
2023-09-28,12,12,5,15,13,4
2023-09-29,19,7,5,16,13,2
2023-09-30,10,9,5,15,13,2
2023-10-01,13,8,5,15,13,1
2023-10-02,12,13,5,15,13,2
2023-10-03,19,14,5,15,13,5
2023-10-04,21,6,5,16,13,3
2023-10-05,9,10,5,15,13,3
2023-10-06,13,12,,15,13,3
2023-10-07,18,6,,15,13,2
2023-10-08,8,6,,15,13,2
2023-10-09,9,13,,16,13,6
2023-10-10,19,19,,16,,6
2023-10-11,28,11,,16,13,3
2023-10-12,16,,,,,
2023-10-13,,,,,,
2023-10-14,,,,,,
2023-10-15,,,,,,
2023-10-16,,,,,,
2023-10-17,,14,29,15,13,3
2023-10-18,21,11,22,16,13,7
2023-10-19,17,24,39,15,13,6
2023-10-20,37,36,46,15,13,3
2023-10-21,58,7,36,16,13,1
2023-10-22,10,49,35,16,13,1
2023-10-23,83,5,23,16,13,3
2023-10-24,7,8,22,16,13,4
2023-10-25,12,13,24,16,13,4
2023-10-26,19,9,20,15,13,2
2023-10-27,13,13,27,15,13,3
2023-10-28,20,10,30,15,13,1
2023-10-29,14,12,128,15,13,1
2023-10-30,18,8,36,16,13,3
2023-10-31,12,16,38,16,13,1
2023-11-01,23,13,36,16,13,1
2023-11-02,19,5,24,16,13,2
2023-11-03,8,14,30,16,13,3
2023-11-04,20,12,29,15,13,3
2023-11-05,16,11,23,15,13,1
2023-11-06,15,9,32,16,13,3
2023-11-07,12,13,33,16,13,4
2023-11-08,19,5,142,16,13,4
2023-11-09,8,11,139,16,13,4
2023-11-10,17,21,183,15,13,4
2023-11-11,30,17,124,16,13,2
2023-11-12,24,15,172,16,13,2
2023-11-13,22,14,462,16,13,1
2023-11-14,21,9,500,16,13,1
2023-11-15,14,15,500,16,13,1
2023-11-16,20,12,,16,13,1
2023-11-17,16,35,,16,13,1
2023-11-18,56,27,,16,13,3
2023-11-19,35,25,,16,13,1
2023-11-20,30,19,,15,13,2
2023-11-21,28,21,,16,13,2
2023-11-22,28,49,,16,13,4
2023-11-23,85,173,,16,13,3
2023-11-24,210,45,,15,13,1
2023-11-25,70,98,,16,13,1
2023-11-26,166,36,,16,13,1
2023-11-27,57,25,,16,13,4
2023-11-28,34,42,,16,13,3
2023-11-29,66,106,,15,13,1
2023-11-30,189,34,,16,13,2
2023-12-01,65,18,,16,13,1
2023-12-02,26,14,,16,13,1
2023-12-03,20,13,,16,13,1
2023-12-04,17,8,,15,13,1
2023-12-05,12,10,,16,13,2
2023-12-06,14,10,,16,13,2
2023-12-07,14,51,,16,13,1
2023-12-08,84,18,,16,13,4
2023-12-09,27,31,,15,13,3
2023-12-10,47,97,,16,13,1
2023-12-11,139,24,,16,13,2
2023-12-12,37,47,,15,13,2
2023-12-13,72,42,,15,13,2
2023-12-14,70,44,,16,13,2
2023-12-15,66,14,,15,13,2
2023-12-16,20,16,,15,13,1
2023-12-17,23,11,,15,13,1
2023-12-18,16,22,,15,13,1
2023-12-19,33,86,,16,13,1
2023-12-20,128,14,,16,13,1
2023-12-21,22,3,,16,13,2
2023-12-22,5,3,,16,13,1
2023-12-23,5,4,,16,13,3
2023-12-24,7,5,,16,13,1
2023-12-25,8,10,,16,13,3
2023-12-26,15,18,,16,13,3
2023-12-27,27,8,,16,13,3
2023-12-28,12,6,,16,13,2
2023-12-29,9,19,,16,13,1
2023-12-30,31,40,,15,13,1
2023-12-31,67,112,,16,13,7
2024-01-01,181,97,,16,13,2
2024-01-02,144,64,,16,13,5
2024-01-03,114,62,,16,13,3
2024-01-04,91,27,,16,13,3
2024-01-05,40,27,,15,13,3
2024-01-06,38,23,,16,13,2
2024-01-07,32,26,,16,13,1
2024-01-08,39,21,,16,13,2
2024-01-09,30,31,,15,13,3
2024-01-10,46,33,,16,13,2
2024-01-11,52,23,,16,13,1
2024-01-12,33,22,,15,13,1
2024-01-13,31,32,,15,13,2
2024-01-14,46,26,,15,13,2
2024-01-15,38,19,,15,13,1
2024-01-16,25,18,,15,13,1
2024-01-17,24,24,,16,,4
2024-01-18,34,,,,,
2024-01-19,,,,,,
2024-01-20,,,,,,
2024-01-21,,,,,,
2024-01-22,,,,,,
2024-01-23,,,,,,
2024-01-24,,,,,,
2024-01-25,,5,,16,10,5
2024-01-26,7,6,,16,10,3
2024-01-27,9,9,,16,10,3
2024-01-28,13,6,,15,10,3
2024-01-29,9,13,,16,10,2
2024-01-30,19,29,,15,10,4
2024-01-31,43,35,,15,11,4
2024-02-01,56,45,,15,11,3
2024-02-02,80,40,,15,11,3
2024-02-03,70,25,,15,11,2
2024-02-04,57,33,,15,10,2
2024-02-05,57,25,,15,11,2
2024-02-06,37,17,,15,10,1
2024-02-07,26,21,,11,11,2
2024-02-08,32,22,,14,10,2
2024-02-09,33,3,,15,10,2
2024-02-10,4,5,,16,10,2
2024-02-11,8,11,,,,2
2024-02-12,19,18,,15,11,2
2024-02-13,28,29,,14,10,2
2024-02-14,40,24,,15,11,2
2024-02-15,34,,,,,
2024-02-16,,,,,,
2024-02-17,,,,,,
2024-02-18,,,,,,
2024-02-19,,28,,12,11,3
2024-02-20,43,38,,13,12,3
2024-02-21,62,24,,13,11,3
2024-02-22,36,21,,13,12,3
2024-02-23,30,20,,13,11,2
2024-02-24,29,18,,14,11,2
2024-02-25,28,15,,14,11,2
2024-02-26,21,19,,13,11,3
2024-02-27,32,16,,16,11,2
2024-02-28,32,12,,14,11,3
2024-02-29,17,23,,14,11,4
2024-03-01,37,14,,15,11,2
2024-03-02,21,3,,15,11,2
2024-03-03,4,6,,13,11,3
2024-03-04,9,23,,13,11,3
2024-03-05,34,42,,13,13,4
2024-03-06,63,54,,13,14,6
2024-03-07,91,48,,14,11,2
2024-03-08,88,19,,14,11,3
2024-03-09,29,22,,14,11,3
2024-03-10,33,20,,14,11,3
2024-03-11,31,11,,15,11,3
2024-03-12,16,11,,15,11,3
2024-03-13,17,22,,13,12,3
2024-03-14,33,19,,13,12,4
2024-03-15,27,27,,14,12,4
2024-03-16,40,41,,13,13,3
2024-03-17,64,36,,12,12,3
2024-03-18,59,29,,12,12,3
2024-03-19,43,24,,13,12,3
2024-03-20,35,7,,15,11,3
2024-03-21,9,10,,13,12,3
2024-03-22,13,30,,12,12,3
2024-03-23,43,29,,13,12,3
2024-03-24,43,22,,12,11,2
2024-03-25,32,19,,12,12,3
2024-03-26,28,17,,12,11,2
2024-03-27,25,21,,13,11,2
2024-03-28,31,25,,12,12,3
2024-03-29,38,35,,12,13,4
2024-03-30,54,23,,11,13,3
2024-03-31,35,25,,12,12,3
2024-04-01,39,32,,13,13,3
2024-04-02,48,30,,13,13,3
2024-04-03,45,29,,12,13,3
2024-04-04,43,,,,,
2024-04-05,,12,,15,12,3
2024-04-06,17,15,,15,12,2
2024-04-07,21,12,,15,11,2
2024-04-08,18,,,,,
2024-04-09,,,,,,
2024-04-10,,,,,,
2024-04-11,,,,,,
2024-04-12,,,,,,
2024-04-13,,30,,15,12,3
2024-04-14,43,40,,15,12,2
2024-04-15,61,36,,15,12,2
2024-04-16,55,30,,15,12,2
2024-04-17,46,27,,16,12,2
2024-04-18,40,28,,15,12,2
2024-04-19,43,32,,15,13,2
2024-04-20,48,,,,,
2024-04-21,,,,,,
2024-04-22,,,,,,
2024-04-23,,,,,,
2024-04-24,,,,,,
2024-04-25,,31,,15,14,3
2024-04-26,46,38,,15,14,4
2024-04-27,60,36,,15,14,3
2024-04-28,57,17,,15,13,2
2024-04-29,24,,,,,
2024-04-30,,,,,,
2024-05-01,,,,,,
2024-05-02,,,,,,
2024-05-03,,,,,,
2024-05-04,,24,,15,12,3
2024-05-05,34,29,,15,13,3
2024-05-06,43,16,,15,13,3
2024-05-07,24,10,,15,13,3
2024-05-08,16,12,,15,13,3
2024-05-09,18,18,,15,13,3
2024-05-10,26,,,,,
2024-05-11,,,,,,
2024-05-12,,,,,,
2024-05-13,,,,,,
2024-05-14,,12,,15,12,2
2024-05-15,19,15,,15,13,3
2024-05-16,22,9,,15,11,2
2024-05-17,13,6,,15,12,3
2024-05-18,10,13,,15,12,2
2024-05-19,18,10,,15,12,2
2024-05-20,15,16,,15,13,4
2024-05-21,23,13,,15,12,2
2024-05-22,20,17,,15,12,2
2024-05-23,26,16,,15,13,3
2024-05-24,24,11,,15,13,3
2024-05-25,17,12,,15,12,1
2024-05-26,17,11,,15,12,2
2024-05-27,16,16,,14,14,3
2024-05-28,23,17,,14,15,4
2024-05-29,23,19,,15,14,3
2024-05-30,27,16,,15,14,3
2024-05-31,23,16,,15,15,4
2024-06-01,24,10,,14,13,2
2024-06-02,15,10,,14,12,1
2024-06-03,14,11,,14,13,2
2024-06-04,15,12,,14,14,2
2024-06-05,15,14,,14,14,2
2024-06-06,20,12,,14,13,2
2024-06-07,16,12,,14,13,2
2024-06-08,16,9,,14,13,2
2024-06-09,13,10,,14,13,1
2024-06-10,15,9,,15,13,2
2024-06-11,12,8,,14,13,2
2024-06-12,10,8,,15,13,2
2024-06-13,11,12,,14,13,2
2024-06-14,18,14,,15,14,2
2024-06-15,19,16,,15,13,2
2024-06-16,20,13,,15,13,1
2024-06-17,16,10,,15,13,2
2024-06-18,12,12,,15,14,2
2024-06-19,16,11,,14,14,2
2024-06-20,16,14,,15,17,2
2024-06-21,20,13,,15,20,1
2024-06-22,19,9,,15,20,2
2024-06-23,13,5,,15,21,2
2024-06-24,8,9,,15,24,3
2024-06-25,12,10,,15,24,2
2024-06-26,14,11,,15,26,3
2024-06-27,16,8,,15,26,1
2024-06-28,12,10,,15,27,1
2024-06-29,14,7,,15,28,2
2024-06-30,10,10,,15,30,1
2024-07-01,14,7,,15,33,2
2024-07-02,10,10,,15,33,1
2024-07-03,14,10,,15,32,1
2024-07-04,14,9,,15,32,1
2024-07-05,12,9,,,,
2024-07-06,13,10,,,,
2024-07-07,14,7,,,,
2024-07-08,10,9,,17,7,4
2024-07-09,13,10,,19,7,3
2024-07-10,14,9,,19,8,6
2024-07-11,11,7,,19,8,5
2024-07-12,9,6,,19,8,4
2024-07-13,9,8,,19,9,3
2024-07-14,11,7,,19,9,3
2024-07-15,11,4,,19,8,5
2024-07-16,6,8,,19,9,4
2024-07-17,11,10,,19,10,3
2024-07-18,15,8,,19,10,3
2024-07-19,11,7,,19,10,3
2024-07-20,9,6,,19,11,3
2024-07-21,8,14,,19,12,3
2024-07-22,22,10,,19,12,2
2024-07-23,13,8,,19,13,2
2024-07-24,11,9,,19,14,2
2024-07-25,13,7,,19,15,2
2024-07-26,10,7,,19,15,2
2024-07-27,9,8,,19,16,2
2024-07-28,10,11,,19,23,2
2024-07-29,15,6,,19,18,3
2024-07-30,9,11,,19,21,2
2024-07-31,14,10,,19,19,2
2024-08-01,13,9,,19,18,3
2024-08-02,12,7,,19,18,2
2024-08-03,10,10,,19,17,2
2024-08-04,14,13,,19,19,3
2024-08-05,18,11,,19,19,3
2024-08-06,15,13,,19,19,3
2024-08-07,19,12,,19,19,3
2024-08-08,17,10,,19,19,3
2024-08-09,14,9,,19,20,2
2024-08-10,13,11,,19,21,2
2024-08-11,16,10,,19,21,2
2024-08-12,14,9,,19,22,2
2024-08-13,12,8,,19,23,2
2024-08-14,11,10,,19,22,2
2024-08-15,15,8,,19,24,2
2024-08-16,12,8,,19,24,2
2024-08-17,11,10,,19,24,2
2024-08-18,14,10,,19,24,2
2024-08-19,15,14,,19,25,2
2024-08-20,22,14,,19,26,2
2024-08-21,20,11,,19,31,3
2024-08-22,14,11,,19,26,3
2024-08-23,15,13,,19,27,2
2024-08-24,18,12,,19,28,3
2024-08-25,17,10,,19,27,2
2024-08-26,15,15,,19,27,3
2024-08-27,23,9,,19,28,2
2024-08-28,14,9,,19,29,2
2024-08-29,13,15,,19,30,2
2024-08-30,22,9,,19,31,2
2024-08-31,13,10,,19,31,2
2024-09-01,14,9,,19,31,2
2024-09-02,13,7,,19,31,2
2024-09-03,10,5,,19,31,2
2024-09-04,7,7,,19,33,2
2024-09-05,11,10,,19,33,2
2024-09-06,14,13,,19,35,2
2024-09-07,19,11,,19,38,2
2024-09-08,16,13,,19,40,2
2024-09-09,17,12,,19,37,2
2024-09-10,16,10,,19,38,3
2024-09-11,14,11,,19,38,3
2024-09-12,16,17,,19,39,3
2024-09-13,25,9,,19,38,3
2024-09-14,12,8,,19,40,3
2024-09-15,12,7,,19,39,3
2024-09-16,11,8,,19,38,2
2024-09-17,12,10,,19,39,3
2024-09-18,15,6,,19,38,3
2024-09-19,10,6,,19,38,3
2024-09-20,9,7,,19,39,3
2024-09-21,10,5,,19,39,3
2024-09-22,7,10,,19,37,3
2024-09-23,15,5,,19,48,3
2024-09-24,8,3,,20,43,3
2024-09-25,5,13,,19,46,2
2024-09-26,19,11,,19,46,2
2024-09-27,16,12,,19,48,2
2024-09-28,17,16,,19,49,2
2024-09-29,25,17,,19,50,2
2024-09-30,26,22,,19,51,2
